archivo,linea,tipo,etiqueta_latex,titulo,fila,columna,valor_crudo,valor
inattention_energy_prices.tex,517,tabla,efectopenthetapia,P effect in and ^a Profit Oriented Model CAP( )= 100 million.,1:0.798,0,0.798,0.798
inattention_energy_prices.tex,517,tabla,efectopenthetapia,P effect in and ^a Profit Oriented Model CAP( )= 100 million.,1:0.798,1,"120,200,000",120200000.0
inattention_energy_prices.tex,517,tabla,efectopenthetapia,P effect in and ^a Profit Oriented Model CAP( )= 100 million.,1:0.798,2,1.20,1.2
inattention_energy_prices.tex,517,tabla,efectopenthetapia,P effect in and ^a Profit Oriented Model CAP( )= 100 million.,1:0.798,3,270.13,270.13
inattention_energy_prices.tex,518,tabla,efectopenthetapia,P effect in and ^a Profit Oriented Model CAP( )= 100 million.,2:0.8,0,0.8,0.8
inattention_energy_prices.tex,518,tabla,efectopenthetapia,P effect in and ^a Profit Oriented Model CAP( )= 100 million.,2:0.8,1,"120,200,000",120200000.0
inattention_energy_prices.tex,518,tabla,efectopenthetapia,P effect in and ^a Profit Oriented Model CAP( )= 100 million.,2:0.8,2,1.20,1.2
inattention_energy_prices.tex,518,tabla,efectopenthetapia,P effect in and ^a Profit Oriented Model CAP( )= 100 million.,2:0.8,3,270.13,270.13
inattention_energy_prices.tex,519,tabla,efectopenthetapia,P effect in and ^a Profit Oriented Model CAP( )= 100 million.,3:0.85,0,0.85,0.85
inattention_energy_prices.tex,519,tabla,efectopenthetapia,P effect in and ^a Profit Oriented Model CAP( )= 100 million.,3:0.85,1,"113,654,321",113654321.0
inattention_energy_prices.tex,519,tabla,efectopenthetapia,P effect in and ^a Profit Oriented Model CAP( )= 100 million.,3:0.85,2,1.14,1.14
inattention_energy_prices.tex,519,tabla,efectopenthetapia,P effect in and ^a Profit Oriented Model CAP( )= 100 million.,3:0.85,3,25.75,25.75
inattention_energy_prices.tex,520,tabla,efectopenthetapia,P effect in and ^a Profit Oriented Model CAP( )= 100 million.,4:0.9,0,0.9,0.9
inattention_energy_prices.tex,520,tabla,efectopenthetapia,P effect in and ^a Profit Oriented Model CAP( )= 100 million.,4:0.9,1,"113,568,965",113568965.0
inattention_energy_prices.tex,520,tabla,efectopenthetapia,P effect in and ^a Profit Oriented Model CAP( )= 100 million.,4:0.9,2,1.14,1.14
inattention_energy_prices.tex,520,tabla,efectopenthetapia,P effect in and ^a Profit Oriented Model CAP( )= 100 million.,4:0.9,3,93.65,93.65
inattention_energy_prices.tex,521,tabla,efectopenthetapia,P effect in and ^a Profit Oriented Model CAP( )= 100 million.,5:0.95,0,0.95,0.95
inattention_energy_prices.tex,521,tabla,efectopenthetapia,P effect in and ^a Profit Oriented Model CAP( )= 100 million.,5:0.95,1,"118,470,479",118470479.0
inattention_energy_prices.tex,521,tabla,efectopenthetapia,P effect in and ^a Profit Oriented Model CAP( )= 100 million.,5:0.95,2,1.18,1.18
inattention_energy_prices.tex,521,tabla,efectopenthetapia,P effect in and ^a Profit Oriented Model CAP( )= 100 million.,5:0.95,3,188.86,188.86
inattention_energy_prices.tex,522,tabla,efectopenthetapia,P effect in and ^a Profit Oriented Model CAP( )= 100 million.,6:0.99,0,0.99,0.99
inattention_energy_prices.tex,522,tabla,efectopenthetapia,P effect in and ^a Profit Oriented Model CAP( )= 100 million.,6:0.99,1,"114,916,396",114916396.0
inattention_energy_prices.tex,522,tabla,efectopenthetapia,P effect in and ^a Profit Oriented Model CAP( )= 100 million.,6:0.99,2,1.15,1.15
inattention_energy_prices.tex,522,tabla,efectopenthetapia,P effect in and ^a Profit Oriented Model CAP( )= 100 million.,6:0.99,3,298.11,298.11
inattention_energy_prices.tex,523,tabla,efectopenthetapia,P effect in and ^a Profit Oriented Model CAP( )= 100 million.,7:1,0,1,1.0
inattention_energy_prices.tex,523,tabla,efectopenthetapia,P effect in and ^a Profit Oriented Model CAP( )= 100 million.,7:1,1,"118,332,486",118332486.0
inattention_energy_prices.tex,523,tabla,efectopenthetapia,P effect in and ^a Profit Oriented Model CAP( )= 100 million.,7:1,2,1.18,1.18
inattention_energy_prices.tex,523,tabla,efectopenthetapia,P effect in and ^a Profit Oriented Model CAP( )= 100 million.,7:1,3,317.24,317.24
inattention_energy_prices.tex,540,tabla,efectocapthetapia,CAP effect on y ^a Profit Oriented Model P = 0.8.,1:100M,0,100,100.0
inattention_energy_prices.tex,540,tabla,efectocapthetapia,CAP effect on y ^a Profit Oriented Model P = 0.8.,1:100M,1,"120,200,000",120200000.0
inattention_energy_prices.tex,540,tabla,efectocapthetapia,CAP effect on y ^a Profit Oriented Model P = 0.8.,1:100M,2,1.20,1.2
inattention_energy_prices.tex,540,tabla,efectocapthetapia,CAP effect on y ^a Profit Oriented Model P = 0.8.,1:100M,3,270.13,270.13
inattention_energy_prices.tex,541,tabla,efectocapthetapia,CAP effect on y ^a Profit Oriented Model P = 0.8.,2:200M,0,200,200.0
inattention_energy_prices.tex,541,tabla,efectocapthetapia,CAP effect on y ^a Profit Oriented Model P = 0.8.,2:200M,1,"240,400,000",240400000.0
inattention_energy_prices.tex,541,tabla,efectocapthetapia,CAP effect on y ^a Profit Oriented Model P = 0.8.,2:200M,2,1.20,1.2
inattention_energy_prices.tex,541,tabla,efectocapthetapia,CAP effect on y ^a Profit Oriented Model P = 0.8.,2:200M,3,60.57,60.57
inattention_energy_prices.tex,542,tabla,efectocapthetapia,CAP effect on y ^a Profit Oriented Model P = 0.8.,3:300M,0,300,300.0
inattention_energy_prices.tex,542,tabla,efectocapthetapia,CAP effect on y ^a Profit Oriented Model P = 0.8.,3:300M,1,"360,600,000",360600000.0
inattention_energy_prices.tex,542,tabla,efectocapthetapia,CAP effect on y ^a Profit Oriented Model P = 0.8.,3:300M,2,1.20,1.2
inattention_energy_prices.tex,542,tabla,efectocapthetapia,CAP effect on y ^a Profit Oriented Model P = 0.8.,3:300M,3,119.47,119.47
inattention_energy_prices.tex,543,tabla,efectocapthetapia,CAP effect on y ^a Profit Oriented Model P = 0.8.,4:400M,0,400,400.0
inattention_energy_prices.tex,543,tabla,efectocapthetapia,CAP effect on y ^a Profit Oriented Model P = 0.8.,4:400M,1,"454,798,037",454798037.0
inattention_energy_prices.tex,543,tabla,efectocapthetapia,CAP effect on y ^a Profit Oriented Model P = 0.8.,4:400M,2,1.14,1.14
inattention_energy_prices.tex,543,tabla,efectocapthetapia,CAP effect on y ^a Profit Oriented Model P = 0.8.,4:400M,3,95.83,95.83
inattention_energy_prices.tex,544,tabla,efectocapthetapia,CAP effect on y ^a Profit Oriented Model P = 0.8.,5:500M,0,500,500.0
inattention_energy_prices.tex,544,tabla,efectocapthetapia,CAP effect on y ^a Profit Oriented Model P = 0.8.,5:500M,1,"601,000,000",601000000.0
inattention_energy_prices.tex,544,tabla,efectocapthetapia,CAP effect on y ^a Profit Oriented Model P = 0.8.,5:500M,2,1.20,1.2
inattention_energy_prices.tex,544,tabla,efectocapthetapia,CAP effect on y ^a Profit Oriented Model P = 0.8.,5:500M,3,79.31,79.31
inattention_energy_prices.tex,545,tabla,efectocapthetapia,CAP effect on y ^a Profit Oriented Model P = 0.8.,6:600M,0,600,600.0
inattention_energy_prices.tex,545,tabla,efectocapthetapia,CAP effect on y ^a Profit Oriented Model P = 0.8.,6:600M,1,"605,279,899",605279899.0
inattention_energy_prices.tex,545,tabla,efectocapthetapia,CAP effect on y ^a Profit Oriented Model P = 0.8.,6:600M,2,1.01,1.01
inattention_energy_prices.tex,545,tabla,efectocapthetapia,CAP effect on y ^a Profit Oriented Model P = 0.8.,6:600M,3,66.57,66.57
inattention_energy_prices.tex,546,tabla,efectocapthetapia,CAP effect on y ^a Profit Oriented Model P = 0.8.,7:700M,0,700,700.0
inattention_energy_prices.tex,546,tabla,efectocapthetapia,CAP effect on y ^a Profit Oriented Model P = 0.8.,7:700M,1,"605,279,899",605279899.0
inattention_energy_prices.tex,546,tabla,efectocapthetapia,CAP effect on y ^a Profit Oriented Model P = 0.8.,7:700M,2,0.86,0.86
inattention_energy_prices.tex,546,tabla,efectocapthetapia,CAP effect on y ^a Profit Oriented Model P = 0.8.,7:700M,3,56.37,56.37
inattention_energy_prices.tex,547,tabla,efectocapthetapia,CAP effect on y ^a Profit Oriented Model P = 0.8.,8:800M,0,800,800.0
inattention_energy_prices.tex,547,tabla,efectocapthetapia,CAP effect on y ^a Profit Oriented Model P = 0.8.,8:800M,1,"961,600,000",961600000.0
inattention_energy_prices.tex,547,tabla,efectocapthetapia,CAP effect on y ^a Profit Oriented Model P = 0.8.,8:800M,2,1.20,1.2
inattention_energy_prices.tex,547,tabla,efectocapthetapia,CAP effect on y ^a Profit Oriented Model P = 0.8.,8:800M,3,152.50,152.5
inattention_energy_prices.tex,548,tabla,efectocapthetapia,CAP effect on y ^a Profit Oriented Model P = 0.8.,9:900M,0,900,900.0
inattention_energy_prices.tex,548,tabla,efectocapthetapia,CAP effect on y ^a Profit Oriented Model P = 0.8.,9:900M,1,"605,279,899",605279899.0
inattention_energy_prices.tex,548,tabla,efectocapthetapia,CAP effect on y ^a Profit Oriented Model P = 0.8.,9:900M,2,0.67,0.67
inattention_energy_prices.tex,548,tabla,efectocapthetapia,CAP effect on y ^a Profit Oriented Model P = 0.8.,9:900M,3,42.26,42.26
inattention_energy_prices.tex,549,tabla,efectocapthetapia,CAP effect on y ^a Profit Oriented Model P = 0.8.,"10:1,000M",0,"1,000",1000.0
inattention_energy_prices.tex,549,tabla,efectocapthetapia,CAP effect on y ^a Profit Oriented Model P = 0.8.,"10:1,000M",1,"605,279,899",605279899.0
inattention_energy_prices.tex,549,tabla,efectocapthetapia,CAP effect on y ^a Profit Oriented Model P = 0.8.,"10:1,000M",2,0.61,0.61
inattention_energy_prices.tex,549,tabla,efectocapthetapia,CAP effect on y ^a Profit Oriented Model P = 0.8.,"10:1,000M",3,35.98,35.98
inattention_energy_prices.tex,664,tabla,POpidporcap,Electricity prices ( ^d) per CAP and P=80,0:CAP,1,100,100.0
inattention_energy_prices.tex,664,tabla,POpidporcap,Electricity prices ( ^d) per CAP and P=80,0:CAP,2,200,200.0
inattention_energy_prices.tex,664,tabla,POpidporcap,Electricity prices ( ^d) per CAP and P=80,0:CAP,3,300,300.0
inattention_energy_prices.tex,664,tabla,POpidporcap,Electricity prices ( ^d) per CAP and P=80,0:CAP,4,400,400.0
inattention_energy_prices.tex,664,tabla,POpidporcap,Electricity prices ( ^d) per CAP and P=80,0:CAP,5,500,500.0
inattention_energy_prices.tex,664,tabla,POpidporcap,Electricity prices ( ^d) per CAP and P=80,0:CAP,6,600,600.0
inattention_energy_prices.tex,664,tabla,POpidporcap,Electricity prices ( ^d) per CAP and P=80,0:CAP,7,700,700.0
inattention_energy_prices.tex,664,tabla,POpidporcap,Electricity prices ( ^d) per CAP and P=80,0:CAP,8,800,800.0
inattention_energy_prices.tex,664,tabla,POpidporcap,Electricity prices ( ^d) per CAP and P=80,0:CAP,9,900,900.0
inattention_energy_prices.tex,664,tabla,POpidporcap,Electricity prices ( ^d) per CAP and P=80,0:CAP,10,1000,1000.0
inattention_energy_prices.tex,665,tabla,POpidporcap,Electricity prices ( ^d) per CAP and P=80,1:,1,120,120.0
inattention_energy_prices.tex,665,tabla,POpidporcap,Electricity prices ( ^d) per CAP and P=80,1:,2,240,240.0
inattention_energy_prices.tex,665,tabla,POpidporcap,Electricity prices ( ^d) per CAP and P=80,1:,3,361,361.0
inattention_energy_prices.tex,665,tabla,POpidporcap,Electricity prices ( ^d) per CAP and P=80,1:,4,455,455.0
inattention_energy_prices.tex,665,tabla,POpidporcap,Electricity prices ( ^d) per CAP and P=80,1:,5,601,601.0
inattention_energy_prices.tex,665,tabla,POpidporcap,Electricity prices ( ^d) per CAP and P=80,1:,6,605,605.0
inattention_energy_prices.tex,665,tabla,POpidporcap,Electricity prices ( ^d) per CAP and P=80,1:,7,605,605.0
inattention_energy_prices.tex,665,tabla,POpidporcap,Electricity prices ( ^d) per CAP and P=80,1:,8,961,961.0
inattention_energy_prices.tex,665,tabla,POpidporcap,Electricity prices ( ^d) per CAP and P=80,1:,9,605,605.0
inattention_energy_prices.tex,665,tabla,POpidporcap,Electricity prices ( ^d) per CAP and P=80,1:,10,605,605.0
inattention_energy_prices.tex,666,tabla,POpidporcap,Electricity prices ( ^d) per CAP and P=80,2:^d,1,264.03,264.03
inattention_energy_prices.tex,666,tabla,POpidporcap,Electricity prices ( ^d) per CAP and P=80,2:^d,2,119.37,119.37
inattention_energy_prices.tex,666,tabla,POpidporcap,Electricity prices ( ^d) per CAP and P=80,2:^d,3,136.85,136.85
inattention_energy_prices.tex,666,tabla,POpidporcap,Electricity prices ( ^d) per CAP and P=80,2:^d,4,95.39,95.39
inattention_energy_prices.tex,666,tabla,POpidporcap,Electricity prices ( ^d) per CAP and P=80,2:^d,5,102.94,102.94
inattention_energy_prices.tex,666,tabla,POpidporcap,Electricity prices ( ^d) per CAP and P=80,2:^d,6,83.32,83.32
inattention_energy_prices.tex,666,tabla,POpidporcap,Electricity prices ( ^d) per CAP and P=80,2:^d,7,83.32,83.32
inattention_energy_prices.tex,666,tabla,POpidporcap,Electricity prices ( ^d) per CAP and P=80,2:^d,8,174.56,174.56
inattention_energy_prices.tex,666,tabla,POpidporcap,Electricity prices ( ^d) per CAP and P=80,2:^d,9,83.32,83.32
inattention_energy_prices.tex,666,tabla,POpidporcap,Electricity prices ( ^d) per CAP and P=80,2:^d,10,83.32,83.32
inattention_energy_prices.tex,692,tabla,resultadostasacuadrada,Quadratic Rate CAP variation results.,"1:100,000,000",0,"100,000,000",100000000.0
inattention_energy_prices.tex,692,tabla,resultadostasacuadrada,Quadratic Rate CAP variation results.,"1:100,000,000",1,"144,944,410",144944410.0
inattention_energy_prices.tex,692,tabla,resultadostasacuadrada,Quadratic Rate CAP variation results.,"1:100,000,000",2,0.798,0.798
inattention_energy_prices.tex,692,tabla,resultadostasacuadrada,Quadratic Rate CAP variation results.,"1:100,000,000",3,1.449,1.449
inattention_energy_prices.tex,692,tabla,resultadostasacuadrada,Quadratic Rate CAP variation results.,"1:100,000,000",4,232.82,232.82
inattention_energy_prices.tex,693,tabla,resultadostasacuadrada,Quadratic Rate CAP variation results.,"2:200,000,000",0,"200,000,000",200000000.0
inattention_energy_prices.tex,693,tabla,resultadostasacuadrada,Quadratic Rate CAP variation results.,"2:200,000,000",1,"289,888,820",289888820.0
inattention_energy_prices.tex,693,tabla,resultadostasacuadrada,Quadratic Rate CAP variation results.,"2:200,000,000",2,0.798,0.798
inattention_energy_prices.tex,693,tabla,resultadostasacuadrada,Quadratic Rate CAP variation results.,"2:200,000,000",3,1.449,1.449
inattention_energy_prices.tex,693,tabla,resultadostasacuadrada,Quadratic Rate CAP variation results.,"2:200,000,000",4,141.56,141.56
inattention_energy_prices.tex,694,tabla,resultadostasacuadrada,Quadratic Rate CAP variation results.,"3:300,000,000",0,"300,000,000",300000000.0
inattention_energy_prices.tex,694,tabla,resultadostasacuadrada,Quadratic Rate CAP variation results.,"3:300,000,000",1,"434,833,230",434833230.0
inattention_energy_prices.tex,694,tabla,resultadostasacuadrada,Quadratic Rate CAP variation results.,"3:300,000,000",2,0.798,0.798
inattention_energy_prices.tex,694,tabla,resultadostasacuadrada,Quadratic Rate CAP variation results.,"3:300,000,000",3,1.449,1.449
inattention_energy_prices.tex,694,tabla,resultadostasacuadrada,Quadratic Rate CAP variation results.,"3:300,000,000",4,103.33,103.33
inattention_energy_prices.tex,695,tabla,resultadostasacuadrada,Quadratic Rate CAP variation results.,"4:400,000,000",0,"400,000,000",400000000.0
inattention_energy_prices.tex,695,tabla,resultadostasacuadrada,Quadratic Rate CAP variation results.,"4:400,000,000",1,"579,777,640",579777640.0
inattention_energy_prices.tex,695,tabla,resultadostasacuadrada,Quadratic Rate CAP variation results.,"4:400,000,000",2,0.798,0.798
inattention_energy_prices.tex,695,tabla,resultadostasacuadrada,Quadratic Rate CAP variation results.,"4:400,000,000",3,1.449,1.449
inattention_energy_prices.tex,696,tabla,resultadostasacuadrada,Quadratic Rate CAP variation results.,"5:500,000,000",0,"500,000,000",500000000.0
inattention_energy_prices.tex,696,tabla,resultadostasacuadrada,Quadratic Rate CAP variation results.,"5:500,000,000",1,"653,754,577",653754577.0
inattention_energy_prices.tex,696,tabla,resultadostasacuadrada,Quadratic Rate CAP variation results.,"5:500,000,000",2,0.905,0.905
inattention_energy_prices.tex,696,tabla,resultadostasacuadrada,Quadratic Rate CAP variation results.,"5:500,000,000",3,1.308,1.308
inattention_energy_prices.tex,696,tabla,resultadostasacuadrada,Quadratic Rate CAP variation results.,"5:500,000,000",4,37.27,37.27
inattention_energy_prices.tex,697,tabla,resultadostasacuadrada,Quadratic Rate CAP variation results.,"6:600,000,000",0,"600,000,000",600000000.0
inattention_energy_prices.tex,697,tabla,resultadostasacuadrada,Quadratic Rate CAP variation results.,"6:600,000,000",1,"619,939,821",619939821.0
inattention_energy_prices.tex,697,tabla,resultadostasacuadrada,Quadratic Rate CAP variation results.,"6:600,000,000",2,0.999,0.999
inattention_energy_prices.tex,697,tabla,resultadostasacuadrada,Quadratic Rate CAP variation results.,"6:600,000,000",3,1.033,1.033
inattention_energy_prices.tex,697,tabla,resultadostasacuadrada,Quadratic Rate CAP variation results.,"6:600,000,000",4,40.43,40.43
inattention_energy_prices.tex,698,tabla,resultadostasacuadrada,Quadratic Rate CAP variation results.,"7:700,000,000",0,"700,000,000",700000000.0
inattention_energy_prices.tex,698,tabla,resultadostasacuadrada,Quadratic Rate CAP variation results.,"7:700,000,000",1,"661,258,561",661258561.0
inattention_energy_prices.tex,698,tabla,resultadostasacuadrada,Quadratic Rate CAP variation results.,"7:700,000,000",2,0.997,0.997
inattention_energy_prices.tex,698,tabla,resultadostasacuadrada,Quadratic Rate CAP variation results.,"7:700,000,000",3,0.945,0.945
inattention_energy_prices.tex,698,tabla,resultadostasacuadrada,Quadratic Rate CAP variation results.,"7:700,000,000",4,36.42,36.42
inattention_energy_prices.tex,699,tabla,resultadostasacuadrada,Quadratic Rate CAP variation results.,"8:800,000,000",0,"800,000,000",800000000.0
inattention_energy_prices.tex,699,tabla,resultadostasacuadrada,Quadratic Rate CAP variation results.,"8:800,000,000",1,"610,913,181",610913181.0
inattention_energy_prices.tex,699,tabla,resultadostasacuadrada,Quadratic Rate CAP variation results.,"8:800,000,000",2,0.944,0.944
inattention_energy_prices.tex,699,tabla,resultadostasacuadrada,Quadratic Rate CAP variation results.,"8:800,000,000",3,0.764,0.764
inattention_energy_prices.tex,699,tabla,resultadostasacuadrada,Quadratic Rate CAP variation results.,"8:800,000,000",4,31.28,31.28
inattention_energy_prices.tex,700,tabla,resultadostasacuadrada,Quadratic Rate CAP variation results.,"9:900,000,000",0,"900,000,000",900000000.0
inattention_energy_prices.tex,700,tabla,resultadostasacuadrada,Quadratic Rate CAP variation results.,"9:900,000,000",1,"609,127,279",609127279.0
inattention_energy_prices.tex,700,tabla,resultadostasacuadrada,Quadratic Rate CAP variation results.,"9:900,000,000",2,0.896,0.896
inattention_energy_prices.tex,700,tabla,resultadostasacuadrada,Quadratic Rate CAP variation results.,"9:900,000,000",3,0.677,0.677
inattention_energy_prices.tex,700,tabla,resultadostasacuadrada,Quadratic Rate CAP variation results.,"9:900,000,000",4,31.21,31.21
inattention_energy_prices.tex,701,tabla,resultadostasacuadrada,Quadratic Rate CAP variation results.,"10:1,000,000,000",0,"1,000,000,000",1000000000.0
inattention_energy_prices.tex,701,tabla,resultadostasacuadrada,Quadratic Rate CAP variation results.,"10:1,000,000,000",1,"698,676,376",698676376.0
inattention_energy_prices.tex,701,tabla,resultadostasacuadrada,Quadratic Rate CAP variation results.,"10:1,000,000,000",2,0.909,0.909
inattention_energy_prices.tex,701,tabla,resultadostasacuadrada,Quadratic Rate CAP variation results.,"10:1,000,000,000",3,0.699,0.699
inattention_energy_prices.tex,701,tabla,resultadostasacuadrada,Quadratic Rate CAP variation results.,"10:1,000,000,000",4,30.00,30.0
inattention_energy_prices.tex,802,tabla,TCpidporcap,Initial electricity prices ( ^d) per CAP in Quadratic Rate Model.,0:CAP[MtCO_2],0,2,2.0
inattention_energy_prices.tex,802,tabla,TCpidporcap,Initial electricity prices ( ^d) per CAP in Quadratic Rate Model.,0:CAP[MtCO_2],1,100,100.0
inattention_energy_prices.tex,802,tabla,TCpidporcap,Initial electricity prices ( ^d) per CAP in Quadratic Rate Model.,0:CAP[MtCO_2],2,200,200.0
inattention_energy_prices.tex,802,tabla,TCpidporcap,Initial electricity prices ( ^d) per CAP in Quadratic Rate Model.,0:CAP[MtCO_2],3,300,300.0
inattention_energy_prices.tex,802,tabla,TCpidporcap,Initial electricity prices ( ^d) per CAP in Quadratic Rate Model.,0:CAP[MtCO_2],4,400,400.0
inattention_energy_prices.tex,802,tabla,TCpidporcap,Initial electricity prices ( ^d) per CAP in Quadratic Rate Model.,0:CAP[MtCO_2],5,500,500.0
inattention_energy_prices.tex,802,tabla,TCpidporcap,Initial electricity prices ( ^d) per CAP in Quadratic Rate Model.,0:CAP[MtCO_2],6,600,600.0
inattention_energy_prices.tex,802,tabla,TCpidporcap,Initial electricity prices ( ^d) per CAP in Quadratic Rate Model.,0:CAP[MtCO_2],7,700,700.0
inattention_energy_prices.tex,802,tabla,TCpidporcap,Initial electricity prices ( ^d) per CAP in Quadratic Rate Model.,0:CAP[MtCO_2],8,800,800.0
inattention_energy_prices.tex,802,tabla,TCpidporcap,Initial electricity prices ( ^d) per CAP in Quadratic Rate Model.,0:CAP[MtCO_2],9,900,900.0
inattention_energy_prices.tex,802,tabla,TCpidporcap,Initial electricity prices ( ^d) per CAP in Quadratic Rate Model.,0:CAP[MtCO_2],10,1000,1000.0
inattention_energy_prices.tex,803,tabla,TCpidporcap,Initial electricity prices ( ^d) per CAP in Quadratic Rate Model.,1:[Millones],1,145,145.0
inattention_energy_prices.tex,803,tabla,TCpidporcap,Initial electricity prices ( ^d) per CAP in Quadratic Rate Model.,1:[Millones],2,290,290.0
inattention_energy_prices.tex,803,tabla,TCpidporcap,Initial electricity prices ( ^d) per CAP in Quadratic Rate Model.,1:[Millones],3,435,435.0
inattention_energy_prices.tex,803,tabla,TCpidporcap,Initial electricity prices ( ^d) per CAP in Quadratic Rate Model.,1:[Millones],4,580,580.0
inattention_energy_prices.tex,803,tabla,TCpidporcap,Initial electricity prices ( ^d) per CAP in Quadratic Rate Model.,1:[Millones],5,654,654.0
inattention_energy_prices.tex,803,tabla,TCpidporcap,Initial electricity prices ( ^d) per CAP in Quadratic Rate Model.,1:[Millones],6,620,620.0
inattention_energy_prices.tex,803,tabla,TCpidporcap,Initial electricity prices ( ^d) per CAP in Quadratic Rate Model.,1:[Millones],7,661,661.0
inattention_energy_prices.tex,803,tabla,TCpidporcap,Initial electricity prices ( ^d) per CAP in Quadratic Rate Model.,1:[Millones],8,611,611.0
inattention_energy_prices.tex,803,tabla,TCpidporcap,Initial electricity prices ( ^d) per CAP in Quadratic Rate Model.,1:[Millones],9,609,609.0
inattention_energy_prices.tex,803,tabla,TCpidporcap,Initial electricity prices ( ^d) per CAP in Quadratic Rate Model.,1:[Millones],10,699,699.0
inattention_energy_prices.tex,804,tabla,TCpidporcap,Initial electricity prices ( ^d) per CAP in Quadratic Rate Model.,2:^d,1,232.54,232.54
inattention_energy_prices.tex,804,tabla,TCpidporcap,Initial electricity prices ( ^d) per CAP in Quadratic Rate Model.,2:^d,2,155.49,155.49
inattention_energy_prices.tex,804,tabla,TCpidporcap,Initial electricity prices ( ^d) per CAP in Quadratic Rate Model.,2:^d,3,123.21,123.21
inattention_energy_prices.tex,804,tabla,TCpidporcap,Initial electricity prices ( ^d) per CAP in Quadratic Rate Model.,2:^d,4,93.90,93.9
inattention_energy_prices.tex,804,tabla,TCpidporcap,Initial electricity prices ( ^d) per CAP in Quadratic Rate Model.,2:^d,5,87.48,87.48
inattention_energy_prices.tex,804,tabla,TCpidporcap,Initial electricity prices ( ^d) per CAP in Quadratic Rate Model.,2:^d,6,90.44,90.44
inattention_energy_prices.tex,804,tabla,TCpidporcap,Initial electricity prices ( ^d) per CAP in Quadratic Rate Model.,2:^d,7,105.74,105.74
inattention_energy_prices.tex,804,tabla,TCpidporcap,Initial electricity prices ( ^d) per CAP in Quadratic Rate Model.,2:^d,8,95.05,95.05
inattention_energy_prices.tex,804,tabla,TCpidporcap,Initial electricity prices ( ^d) per CAP in Quadratic Rate Model.,2:^d,9,93.38,93.38
inattention_energy_prices.tex,804,tabla,TCpidporcap,Initial electricity prices ( ^d) per CAP in Quadratic Rate Model.,2:^d,10,94.53,94.53
inattention_energy_prices.tex,886,tabla,resultadosprecision,Precision Model results.,"1:100,000,000",0,"100,000,000",100000000.0
inattention_energy_prices.tex,886,tabla,resultadosprecision,Precision Model results.,"1:100,000,000",1,"120,200,000",120200000.0
inattention_energy_prices.tex,886,tabla,resultadosprecision,Precision Model results.,"1:100,000,000",2,0.798,0.798
inattention_energy_prices.tex,886,tabla,resultadosprecision,Precision Model results.,"1:100,000,000",3,1.202,1.202
inattention_energy_prices.tex,886,tabla,resultadosprecision,Precision Model results.,"1:100,000,000",4,270.13,270.13
inattention_energy_prices.tex,887,tabla,resultadosprecision,Precision Model results.,"2:200,000,000",0,"200,000,000",200000000.0
inattention_energy_prices.tex,887,tabla,resultadosprecision,Precision Model results.,"2:200,000,000",1,"240,400,000",240400000.0
inattention_energy_prices.tex,887,tabla,resultadosprecision,Precision Model results.,"2:200,000,000",2,0.798,0.798
inattention_energy_prices.tex,887,tabla,resultadosprecision,Precision Model results.,"2:200,000,000",3,1.202,1.202
inattention_energy_prices.tex,887,tabla,resultadosprecision,Precision Model results.,"2:200,000,000",4,155.15,155.15
inattention_energy_prices.tex,888,tabla,resultadosprecision,Precision Model results.,"3:300,000,000",0,"300,000,000",300000000.0
inattention_energy_prices.tex,888,tabla,resultadosprecision,Precision Model results.,"3:300,000,000",1,"354,508,234",354508234.0
inattention_energy_prices.tex,888,tabla,resultadosprecision,Precision Model results.,"3:300,000,000",2,0.798,0.798
inattention_energy_prices.tex,888,tabla,resultadosprecision,Precision Model results.,"3:300,000,000",3,1.182,1.182
inattention_energy_prices.tex,888,tabla,resultadosprecision,Precision Model results.,"3:300,000,000",4,39.07,39.07
inattention_energy_prices.tex,889,tabla,resultadosprecision,Precision Model results.,"4:400,000,000",0,"400,000,000",400000000.0
inattention_energy_prices.tex,889,tabla,resultadosprecision,Precision Model results.,"4:400,000,000",1,"435,648,945",435648945.0
inattention_energy_prices.tex,889,tabla,resultadosprecision,Precision Model results.,"4:400,000,000",2,0.798,0.798
inattention_energy_prices.tex,889,tabla,resultadosprecision,Precision Model results.,"4:400,000,000",3,1.089,1.089
inattention_energy_prices.tex,889,tabla,resultadosprecision,Precision Model results.,"4:400,000,000",4,33.93,33.93
inattention_energy_prices.tex,890,tabla,resultadosprecision,Precision Model results.,"5:500,000,000",0,"500,000,000",500000000.0
inattention_energy_prices.tex,890,tabla,resultadosprecision,Precision Model results.,"5:500,000,000",1,"590,042,475",590042475.0
inattention_energy_prices.tex,890,tabla,resultadosprecision,Precision Model results.,"5:500,000,000",2,0.798,0.798
inattention_energy_prices.tex,890,tabla,resultadosprecision,Precision Model results.,"5:500,000,000",3,1.180,1.18
inattention_energy_prices.tex,890,tabla,resultadosprecision,Precision Model results.,"5:500,000,000",4,38.83,38.83
inattention_energy_prices.tex,891,tabla,resultadosprecision,Precision Model results.,"6:600,000,000",0,"600,000,000",600000000.0
inattention_energy_prices.tex,891,tabla,resultadosprecision,Precision Model results.,"6:600,000,000",1,"721,200,000",721200000.0
inattention_energy_prices.tex,891,tabla,resultadosprecision,Precision Model results.,"6:600,000,000",2,0.798,0.798
inattention_energy_prices.tex,891,tabla,resultadosprecision,Precision Model results.,"6:600,000,000",3,1.202,1.202
inattention_energy_prices.tex,891,tabla,resultadosprecision,Precision Model results.,"6:600,000,000",4,39.20,39.2
inattention_energy_prices.tex,892,tabla,resultadosprecision,Precision Model results.,"7:700,000,000",0,"700,000,000",700000000.0
inattention_energy_prices.tex,892,tabla,resultadosprecision,Precision Model results.,"7:700,000,000",1,"673,836,382",673836382.0
inattention_energy_prices.tex,892,tabla,resultadosprecision,Precision Model results.,"7:700,000,000",2,0.798,0.798
inattention_energy_prices.tex,892,tabla,resultadosprecision,Precision Model results.,"7:700,000,000",3,0.963,0.963
inattention_energy_prices.tex,892,tabla,resultadosprecision,Precision Model results.,"7:700,000,000",4,35.74,35.74
inattention_energy_prices.tex,893,tabla,resultadosprecision,Precision Model results.,"8:800,000,000",0,"800,000,000",800000000.0
inattention_energy_prices.tex,893,tabla,resultadosprecision,Precision Model results.,"8:800,000,000",1,"757,247,245",757247245.0
inattention_energy_prices.tex,893,tabla,resultadosprecision,Precision Model results.,"8:800,000,000",2,0.798,0.798
inattention_energy_prices.tex,893,tabla,resultadosprecision,Precision Model results.,"8:800,000,000",3,0.947,0.947
inattention_energy_prices.tex,893,tabla,resultadosprecision,Precision Model results.,"8:800,000,000",4,35.74,35.74
inattention_energy_prices.tex,894,tabla,resultadosprecision,Precision Model results.,"9:900,000,000",0,"900,000,000",900000000.0
inattention_energy_prices.tex,894,tabla,resultadosprecision,Precision Model results.,"9:900,000,000",1,"851,903,151",851903151.0
inattention_energy_prices.tex,894,tabla,resultadosprecision,Precision Model results.,"9:900,000,000",2,0.798,0.798
inattention_energy_prices.tex,894,tabla,resultadosprecision,Precision Model results.,"9:900,000,000",3,0.947,0.947
inattention_energy_prices.tex,894,tabla,resultadosprecision,Precision Model results.,"9:900,000,000",4,35.74,35.74
inattention_energy_prices.tex,895,tabla,resultadosprecision,Precision Model results.,"10:1,000,000,000",0,"1,000,000,000",1000000000.0
inattention_energy_prices.tex,895,tabla,resultadosprecision,Precision Model results.,"10:1,000,000,000",1,"947,173,004",947173004.0
inattention_energy_prices.tex,895,tabla,resultadosprecision,Precision Model results.,"10:1,000,000,000",2,0.798,0.798
inattention_energy_prices.tex,895,tabla,resultadosprecision,Precision Model results.,"10:1,000,000,000",3,0.947,0.947
inattention_energy_prices.tex,895,tabla,resultadosprecision,Precision Model results.,"10:1,000,000,000",4,35.74,35.74
inattention_energy_prices.tex,965,tabla,PMpidporcap,Initial electricity prices ( ^d) per CAP in Precision Model.,0:CAP[MtCO_2],0,2,2.0
inattention_energy_prices.tex,965,tabla,PMpidporcap,Initial electricity prices ( ^d) per CAP in Precision Model.,0:CAP[MtCO_2],1,100,100.0
inattention_energy_prices.tex,965,tabla,PMpidporcap,Initial electricity prices ( ^d) per CAP in Precision Model.,0:CAP[MtCO_2],2,200,200.0
inattention_energy_prices.tex,965,tabla,PMpidporcap,Initial electricity prices ( ^d) per CAP in Precision Model.,0:CAP[MtCO_2],3,300,300.0
inattention_energy_prices.tex,965,tabla,PMpidporcap,Initial electricity prices ( ^d) per CAP in Precision Model.,0:CAP[MtCO_2],4,400,400.0
inattention_energy_prices.tex,965,tabla,PMpidporcap,Initial electricity prices ( ^d) per CAP in Precision Model.,0:CAP[MtCO_2],5,500,500.0
inattention_energy_prices.tex,965,tabla,PMpidporcap,Initial electricity prices ( ^d) per CAP in Precision Model.,0:CAP[MtCO_2],6,600,600.0
inattention_energy_prices.tex,965,tabla,PMpidporcap,Initial electricity prices ( ^d) per CAP in Precision Model.,0:CAP[MtCO_2],7,700,700.0
inattention_energy_prices.tex,965,tabla,PMpidporcap,Initial electricity prices ( ^d) per CAP in Precision Model.,0:CAP[MtCO_2],8,800,800.0
inattention_energy_prices.tex,965,tabla,PMpidporcap,Initial electricity prices ( ^d) per CAP in Precision Model.,0:CAP[MtCO_2],9,900,900.0
inattention_energy_prices.tex,965,tabla,PMpidporcap,Initial electricity prices ( ^d) per CAP in Precision Model.,0:CAP[MtCO_2],10,1000,1000.0
inattention_energy_prices.tex,966,tabla,PMpidporcap,Initial electricity prices ( ^d) per CAP in Precision Model.,1:[Millones],1,120,120.0
inattention_energy_prices.tex,966,tabla,PMpidporcap,Initial electricity prices ( ^d) per CAP in Precision Model.,1:[Millones],2,240,240.0
inattention_energy_prices.tex,966,tabla,PMpidporcap,Initial electricity prices ( ^d) per CAP in Precision Model.,1:[Millones],3,355,355.0
inattention_energy_prices.tex,966,tabla,PMpidporcap,Initial electricity prices ( ^d) per CAP in Precision Model.,1:[Millones],4,436,436.0
inattention_energy_prices.tex,966,tabla,PMpidporcap,Initial electricity prices ( ^d) per CAP in Precision Model.,1:[Millones],5,590,590.0
inattention_energy_prices.tex,966,tabla,PMpidporcap,Initial electricity prices ( ^d) per CAP in Precision Model.,1:[Millones],6,721,721.0
inattention_energy_prices.tex,966,tabla,PMpidporcap,Initial electricity prices ( ^d) per CAP in Precision Model.,1:[Millones],7,674,674.0
inattention_energy_prices.tex,966,tabla,PMpidporcap,Initial electricity prices ( ^d) per CAP in Precision Model.,1:[Millones],8,757,757.0
inattention_energy_prices.tex,966,tabla,PMpidporcap,Initial electricity prices ( ^d) per CAP in Precision Model.,1:[Millones],9,852,852.0
inattention_energy_prices.tex,966,tabla,PMpidporcap,Initial electricity prices ( ^d) per CAP in Precision Model.,1:[Millones],10,947,947.0
inattention_energy_prices.tex,967,tabla,PMpidporcap,Initial electricity prices ( ^d) per CAP in Precision Model.,2:^d,1,264.03,264.03
inattention_energy_prices.tex,967,tabla,PMpidporcap,Initial electricity prices ( ^d) per CAP in Precision Model.,2:^d,2,169.98,169.98
inattention_energy_prices.tex,967,tabla,PMpidporcap,Initial electricity prices ( ^d) per CAP in Precision Model.,2:^d,3,106.88,106.88
inattention_energy_prices.tex,967,tabla,PMpidporcap,Initial electricity prices ( ^d) per CAP in Precision Model.,2:^d,4,98.92,98.92
inattention_energy_prices.tex,967,tabla,PMpidporcap,Initial electricity prices ( ^d) per CAP in Precision Model.,2:^d,5,110.36,110.36
inattention_energy_prices.tex,967,tabla,PMpidporcap,Initial electricity prices ( ^d) per CAP in Precision Model.,2:^d,6,93.00,93.0
inattention_energy_prices.tex,967,tabla,PMpidporcap,Initial electricity prices ( ^d) per CAP in Precision Model.,2:^d,7,105.33,105.33
inattention_energy_prices.tex,967,tabla,PMpidporcap,Initial electricity prices ( ^d) per CAP in Precision Model.,2:^d,8,99.07,99.07
inattention_energy_prices.tex,967,tabla,PMpidporcap,Initial electricity prices ( ^d) per CAP in Precision Model.,2:^d,9,97.95,97.95
inattention_energy_prices.tex,967,tabla,PMpidporcap,Initial electricity prices ( ^d) per CAP in Precision Model.,2:^d,10,92.09,92.09
inattention_energy_prices.tex,581,figura,rendcap,Ratio per CAP in Profit Oriented Model.,79.8 @ x=100,y,120.2,120.2
inattention_energy_prices.tex,581,figura,rendcap,Ratio per CAP in Profit Oriented Model.,79.8 @ x=200,y,120.2,120.2
inattention_energy_prices.tex,581,figura,rendcap,Ratio per CAP in Profit Oriented Model.,79.8 @ x=300,y,120.2,120.2
inattention_energy_prices.tex,581,figura,rendcap,Ratio per CAP in Profit Oriented Model.,79.8 @ x=400,y,120.2,120.2
inattention_energy_prices.tex,581,figura,rendcap,Ratio per CAP in Profit Oriented Model.,79.8 @ x=500,y,120.2,120.2
inattention_energy_prices.tex,581,figura,rendcap,Ratio per CAP in Profit Oriented Model.,79.8 @ x=600,y,120.2,120.2
inattention_energy_prices.tex,581,figura,rendcap,Ratio per CAP in Profit Oriented Model.,79.8 @ x=700,y,120.2,120.2
inattention_energy_prices.tex,581,figura,rendcap,Ratio per CAP in Profit Oriented Model.,79.8 @ x=800,y,120.2,120.2
inattention_energy_prices.tex,581,figura,rendcap,Ratio per CAP in Profit Oriented Model.,79.8 @ x=900,y,120.2,120.2
inattention_energy_prices.tex,581,figura,rendcap,Ratio per CAP in Profit Oriented Model.,79.8 @ x=1000,y,120.2,120.2
inattention_energy_prices.tex,589,figura,rendcap,Ratio per CAP in Profit Oriented Model.,80 @ x=100,y,120.2,120.2
inattention_energy_prices.tex,589,figura,rendcap,Ratio per CAP in Profit Oriented Model.,80 @ x=200,y,120.2,120.2
inattention_energy_prices.tex,589,figura,rendcap,Ratio per CAP in Profit Oriented Model.,80 @ x=300,y,120.2,120.2
inattention_energy_prices.tex,589,figura,rendcap,Ratio per CAP in Profit Oriented Model.,80 @ x=400,y,113.69,113.69
inattention_energy_prices.tex,589,figura,rendcap,Ratio per CAP in Profit Oriented Model.,80 @ x=500,y,120.2,120.2
inattention_energy_prices.tex,589,figura,rendcap,Ratio per CAP in Profit Oriented Model.,80 @ x=600,y,100.87,100.87
inattention_energy_prices.tex,589,figura,rendcap,Ratio per CAP in Profit Oriented Model.,80 @ x=700,y,86.46,86.46
inattention_energy_prices.tex,589,figura,rendcap,Ratio per CAP in Profit Oriented Model.,80 @ x=800,y,120.2,120.2
inattention_energy_prices.tex,589,figura,rendcap,Ratio per CAP in Profit Oriented Model.,80 @ x=900,y,67.25,67.25
inattention_energy_prices.tex,589,figura,rendcap,Ratio per CAP in Profit Oriented Model.,80 @ x=1000,y,60.52,60.52
inattention_energy_prices.tex,596,figura,rendcap,Ratio per CAP in Profit Oriented Model.,85 @ x=100,y,113.65,113.65
inattention_energy_prices.tex,596,figura,rendcap,Ratio per CAP in Profit Oriented Model.,85 @ x=200,y,114.62,114.62
inattention_energy_prices.tex,596,figura,rendcap,Ratio per CAP in Profit Oriented Model.,85 @ x=300,y,118.72,118.72
inattention_energy_prices.tex,596,figura,rendcap,Ratio per CAP in Profit Oriented Model.,85 @ x=400,y,120.2,120.2
inattention_energy_prices.tex,596,figura,rendcap,Ratio per CAP in Profit Oriented Model.,85 @ x=500,y,120.2,120.2
inattention_energy_prices.tex,596,figura,rendcap,Ratio per CAP in Profit Oriented Model.,85 @ x=600,y,120.2,120.2
inattention_energy_prices.tex,596,figura,rendcap,Ratio per CAP in Profit Oriented Model.,85 @ x=700,y,112.87,112.87
inattention_energy_prices.tex,596,figura,rendcap,Ratio per CAP in Profit Oriented Model.,85 @ x=800,y,98.76,98.76
inattention_energy_prices.tex,596,figura,rendcap,Ratio per CAP in Profit Oriented Model.,85 @ x=900,y,87.78,87.78
inattention_energy_prices.tex,596,figura,rendcap,Ratio per CAP in Profit Oriented Model.,85 @ x=1000,y,79,79.0
inattention_energy_prices.tex,603,figura,rendcap,Ratio per CAP in Profit Oriented Model.,90 @ x=100,y,113.56,113.56
inattention_energy_prices.tex,603,figura,rendcap,Ratio per CAP in Profit Oriented Model.,90 @ x=200,y,111.57,111.57
inattention_energy_prices.tex,603,figura,rendcap,Ratio per CAP in Profit Oriented Model.,90 @ x=300,y,120.2,120.2
inattention_energy_prices.tex,603,figura,rendcap,Ratio per CAP in Profit Oriented Model.,90 @ x=400,y,120.2,120.2
inattention_energy_prices.tex,603,figura,rendcap,Ratio per CAP in Profit Oriented Model.,90 @ x=500,y,120.2,120.2
inattention_energy_prices.tex,603,figura,rendcap,Ratio per CAP in Profit Oriented Model.,90 @ x=600,y,96.37,96.37
inattention_energy_prices.tex,603,figura,rendcap,Ratio per CAP in Profit Oriented Model.,90 @ x=700,y,25.98,25.98
inattention_energy_prices.tex,603,figura,rendcap,Ratio per CAP in Profit Oriented Model.,90 @ x=800,y,22.73,22.73
inattention_energy_prices.tex,603,figura,rendcap,Ratio per CAP in Profit Oriented Model.,90 @ x=900,y,20.2,20.2
inattention_energy_prices.tex,603,figura,rendcap,Ratio per CAP in Profit Oriented Model.,90 @ x=1000,y,18.18,18.18
inattention_energy_prices.tex,610,figura,rendcap,Ratio per CAP in Profit Oriented Model.,95 @ x=100,y,118.47,118.47
inattention_energy_prices.tex,610,figura,rendcap,Ratio per CAP in Profit Oriented Model.,95 @ x=200,y,117.1,117.1
inattention_energy_prices.tex,610,figura,rendcap,Ratio per CAP in Profit Oriented Model.,95 @ x=300,y,89.66,89.66
inattention_energy_prices.tex,610,figura,rendcap,Ratio per CAP in Profit Oriented Model.,95 @ x=400,y,67.24,67.24
inattention_energy_prices.tex,610,figura,rendcap,Ratio per CAP in Profit Oriented Model.,95 @ x=500,y,53.79,53.79
inattention_energy_prices.tex,610,figura,rendcap,Ratio per CAP in Profit Oriented Model.,95 @ x=600,y,44.83,44.83
inattention_energy_prices.tex,610,figura,rendcap,Ratio per CAP in Profit Oriented Model.,95 @ x=700,y,38.42,38.42
inattention_energy_prices.tex,610,figura,rendcap,Ratio per CAP in Profit Oriented Model.,95 @ x=800,y,33.62,33.62
inattention_energy_prices.tex,610,figura,rendcap,Ratio per CAP in Profit Oriented Model.,95 @ x=900,y,29.88,29.88
inattention_energy_prices.tex,610,figura,rendcap,Ratio per CAP in Profit Oriented Model.,95 @ x=1000,y,26.89,26.89
inattention_energy_prices.tex,617,figura,rendcap,Ratio per CAP in Profit Oriented Model.,99 @ x=100,y,114.91,114.91
inattention_energy_prices.tex,617,figura,rendcap,Ratio per CAP in Profit Oriented Model.,99 @ x=200,y,112.45,112.45
inattention_energy_prices.tex,617,figura,rendcap,Ratio per CAP in Profit Oriented Model.,99 @ x=300,y,104.43,104.43
inattention_energy_prices.tex,617,figura,rendcap,Ratio per CAP in Profit Oriented Model.,99 @ x=400,y,101.19,101.19
inattention_energy_prices.tex,617,figura,rendcap,Ratio per CAP in Profit Oriented Model.,99 @ x=500,y,110.24,110.24
inattention_energy_prices.tex,617,figura,rendcap,Ratio per CAP in Profit Oriented Model.,99 @ x=600,y,119.99,119.99
inattention_energy_prices.tex,617,figura,rendcap,Ratio per CAP in Profit Oriented Model.,99 @ x=700,y,39.39,39.39
inattention_energy_prices.tex,617,figura,rendcap,Ratio per CAP in Profit Oriented Model.,99 @ x=800,y,34.46,34.46
inattention_energy_prices.tex,617,figura,rendcap,Ratio per CAP in Profit Oriented Model.,99 @ x=900,y,30.63,30.63
inattention_energy_prices.tex,617,figura,rendcap,Ratio per CAP in Profit Oriented Model.,99 @ x=1000,y,27.57,27.57
inattention_energy_prices.tex,624,figura,rendcap,Ratio per CAP in Profit Oriented Model.,100 @ x=100,y,118.33,118.33
inattention_energy_prices.tex,624,figura,rendcap,Ratio per CAP in Profit Oriented Model.,100 @ x=200,y,113,113.0
inattention_energy_prices.tex,624,figura,rendcap,Ratio per CAP in Profit Oriented Model.,100 @ x=300,y,104.46,104.46
inattention_energy_prices.tex,624,figura,rendcap,Ratio per CAP in Profit Oriented Model.,100 @ x=400,y,90.57,90.57
inattention_energy_prices.tex,624,figura,rendcap,Ratio per CAP in Profit Oriented Model.,100 @ x=500,y,54.93,54.93
inattention_energy_prices.tex,624,figura,rendcap,Ratio per CAP in Profit Oriented Model.,100 @ x=600,y,45.78,45.78
inattention_energy_prices.tex,624,figura,rendcap,Ratio per CAP in Profit Oriented Model.,100 @ x=700,y,30.39,30.39
inattention_energy_prices.tex,624,figura,rendcap,Ratio per CAP in Profit Oriented Model.,100 @ x=800,y,26.59,26.59
inattention_energy_prices.tex,624,figura,rendcap,Ratio per CAP in Profit Oriented Model.,100 @ x=900,y,23.64,23.64
inattention_energy_prices.tex,624,figura,rendcap,Ratio per CAP in Profit Oriented Model.,100 @ x=1000,y,21.27,21.27
inattention_energy_prices.tex,734,figura,rendcapTC,Carbon budget effect on performance.,Quadratic Rate Model @ x=100,y,79.8,79.8
inattention_energy_prices.tex,734,figura,rendcapTC,Carbon budget effect on performance.,Quadratic Rate Model @ x=200,y,79.79,79.79
inattention_energy_prices.tex,734,figura,rendcapTC,Carbon budget effect on performance.,Quadratic Rate Model @ x=300,y,79.79,79.79
inattention_energy_prices.tex,734,figura,rendcapTC,Carbon budget effect on performance.,Quadratic Rate Model @ x=400,y,79.8,79.8
inattention_energy_prices.tex,734,figura,rendcapTC,Carbon budget effect on performance.,Quadratic Rate Model @ x=500,y,90.54,90.54
inattention_energy_prices.tex,734,figura,rendcapTC,Carbon budget effect on performance.,Quadratic Rate Model @ x=600,y,99.88,99.88
inattention_energy_prices.tex,734,figura,rendcapTC,Carbon budget effect on performance.,Quadratic Rate Model @ x=700,y,99.69,99.69
inattention_energy_prices.tex,734,figura,rendcapTC,Carbon budget effect on performance.,Quadratic Rate Model @ x=800,y,94.41,94.41
inattention_energy_prices.tex,734,figura,rendcapTC,Carbon budget effect on performance.,Quadratic Rate Model @ x=900,y,89.55,89.55
inattention_energy_prices.tex,734,figura,rendcapTC,Carbon budget effect on performance.,Quadratic Rate Model @ x=1000,y,90.92,90.92
inattention_energy_prices.tex,766,figura,rendcapTC2,Carbon budget effect on ratio,Quadratic Rate Model @ x=100,y,144.94,144.94
inattention_energy_prices.tex,766,figura,rendcapTC2,Carbon budget effect on ratio,Quadratic Rate Model @ x=200,y,144.94,144.94
inattention_energy_prices.tex,766,figura,rendcapTC2,Carbon budget effect on ratio,Quadratic Rate Model @ x=300,y,144.94,144.94
inattention_energy_prices.tex,766,figura,rendcapTC2,Carbon budget effect on ratio,Quadratic Rate Model @ x=400,y,144.94,144.94
inattention_energy_prices.tex,766,figura,rendcapTC2,Carbon budget effect on ratio,Quadratic Rate Model @ x=500,y,130.75,130.75
inattention_energy_prices.tex,766,figura,rendcapTC2,Carbon budget effect on ratio,Quadratic Rate Model @ x=600,y,103.32,103.32
inattention_energy_prices.tex,766,figura,rendcapTC2,Carbon budget effect on ratio,Quadratic Rate Model @ x=700,y,94.46,94.46
inattention_energy_prices.tex,766,figura,rendcapTC2,Carbon budget effect on ratio,Quadratic Rate Model @ x=800,y,76.36,76.36
inattention_energy_prices.tex,766,figura,rendcapTC2,Carbon budget effect on ratio,Quadratic Rate Model @ x=900,y,67.68,67.68
inattention_energy_prices.tex,766,figura,rendcapTC2,Carbon budget effect on ratio,Quadratic Rate Model @ x=1000,y,69.86,69.86
inattention_energy_prices.tex,835,figura,TCrendcap,Average electricity prices (2019-2050) per demand escenario Quadratic Rate Model.,1 @ x=100,y,121,121.0
inattention_energy_prices.tex,835,figura,TCrendcap,Average electricity prices (2019-2050) per demand escenario Quadratic Rate Model.,1 @ x=200,y,107,107.0
inattention_energy_prices.tex,835,figura,TCrendcap,Average electricity prices (2019-2050) per demand escenario Quadratic Rate Model.,1 @ x=300,y,98,98.0
inattention_energy_prices.tex,835,figura,TCrendcap,Average electricity prices (2019-2050) per demand escenario Quadratic Rate Model.,1 @ x=400,y,97,97.0
inattention_energy_prices.tex,835,figura,TCrendcap,Average electricity prices (2019-2050) per demand escenario Quadratic Rate Model.,1 @ x=500,y,83,83.0
inattention_energy_prices.tex,835,figura,TCrendcap,Average electricity prices (2019-2050) per demand escenario Quadratic Rate Model.,1 @ x=600,y,85,85.0
inattention_energy_prices.tex,835,figura,TCrendcap,Average electricity prices (2019-2050) per demand escenario Quadratic Rate Model.,1 @ x=700,y,109,109.0
inattention_energy_prices.tex,835,figura,TCrendcap,Average electricity prices (2019-2050) per demand escenario Quadratic Rate Model.,1 @ x=800,y,94,94.0
inattention_energy_prices.tex,835,figura,TCrendcap,Average electricity prices (2019-2050) per demand escenario Quadratic Rate Model.,1 @ x=900,y,93,93.0
inattention_energy_prices.tex,835,figura,TCrendcap,Average electricity prices (2019-2050) per demand escenario Quadratic Rate Model.,1 @ x=1000,y,95,95.0
inattention_energy_prices.tex,842,figura,TCrendcap,Average electricity prices (2019-2050) per demand escenario Quadratic Rate Model.,2 @ x=100,y,130,130.0
inattention_energy_prices.tex,842,figura,TCrendcap,Average electricity prices (2019-2050) per demand escenario Quadratic Rate Model.,2 @ x=200,y,114,114.0
inattention_energy_prices.tex,842,figura,TCrendcap,Average electricity prices (2019-2050) per demand escenario Quadratic Rate Model.,2 @ x=300,y,104,104.0
inattention_energy_prices.tex,842,figura,TCrendcap,Average electricity prices (2019-2050) per demand escenario Quadratic Rate Model.,2 @ x=400,y,101,101.0
inattention_energy_prices.tex,842,figura,TCrendcap,Average electricity prices (2019-2050) per demand escenario Quadratic Rate Model.,2 @ x=500,y,91,91.0
inattention_energy_prices.tex,842,figura,TCrendcap,Average electricity prices (2019-2050) per demand escenario Quadratic Rate Model.,2 @ x=600,y,93,93.0
inattention_energy_prices.tex,842,figura,TCrendcap,Average electricity prices (2019-2050) per demand escenario Quadratic Rate Model.,2 @ x=700,y,113,113.0
inattention_energy_prices.tex,842,figura,TCrendcap,Average electricity prices (2019-2050) per demand escenario Quadratic Rate Model.,2 @ x=800,y,97,97.0
inattention_energy_prices.tex,842,figura,TCrendcap,Average electricity prices (2019-2050) per demand escenario Quadratic Rate Model.,2 @ x=900,y,96,96.0
inattention_energy_prices.tex,842,figura,TCrendcap,Average electricity prices (2019-2050) per demand escenario Quadratic Rate Model.,2 @ x=1000,y,98,98.0
inattention_energy_prices.tex,849,figura,TCrendcap,Average electricity prices (2019-2050) per demand escenario Quadratic Rate Model.,3 @ x=100,y,125,125.0
inattention_energy_prices.tex,849,figura,TCrendcap,Average electricity prices (2019-2050) per demand escenario Quadratic Rate Model.,3 @ x=200,y,111,111.0
inattention_energy_prices.tex,849,figura,TCrendcap,Average electricity prices (2019-2050) per demand escenario Quadratic Rate Model.,3 @ x=300,y,102,102.0
inattention_energy_prices.tex,849,figura,TCrendcap,Average electricity prices (2019-2050) per demand escenario Quadratic Rate Model.,3 @ x=400,y,100,100.0
inattention_energy_prices.tex,849,figura,TCrendcap,Average electricity prices (2019-2050) per demand escenario Quadratic Rate Model.,3 @ x=500,y,90,90.0
inattention_energy_prices.tex,849,figura,TCrendcap,Average electricity prices (2019-2050) per demand escenario Quadratic Rate Model.,3 @ x=600,y,92,92.0
inattention_energy_prices.tex,849,figura,TCrendcap,Average electricity prices (2019-2050) per demand escenario Quadratic Rate Model.,3 @ x=700,y,113,113.0
inattention_energy_prices.tex,849,figura,TCrendcap,Average electricity prices (2019-2050) per demand escenario Quadratic Rate Model.,3 @ x=800,y,96,96.0
inattention_energy_prices.tex,849,figura,TCrendcap,Average electricity prices (2019-2050) per demand escenario Quadratic Rate Model.,3 @ x=900,y,94,94.0
inattention_energy_prices.tex,849,figura,TCrendcap,Average electricity prices (2019-2050) per demand escenario Quadratic Rate Model.,3 @ x=1000,y,95,95.0
inattention_energy_prices.tex,856,figura,TCrendcap,Average electricity prices (2019-2050) per demand escenario Quadratic Rate Model.,4 @ x=100,y,143,143.0
inattention_energy_prices.tex,856,figura,TCrendcap,Average electricity prices (2019-2050) per demand escenario Quadratic Rate Model.,4 @ x=200,y,124,124.0
inattention_energy_prices.tex,856,figura,TCrendcap,Average electricity prices (2019-2050) per demand escenario Quadratic Rate Model.,4 @ x=300,y,113,113.0
inattention_energy_prices.tex,856,figura,TCrendcap,Average electricity prices (2019-2050) per demand escenario Quadratic Rate Model.,4 @ x=400,y,107,107.0
inattention_energy_prices.tex,856,figura,TCrendcap,Average electricity prices (2019-2050) per demand escenario Quadratic Rate Model.,4 @ x=500,y,100,100.0
inattention_energy_prices.tex,856,figura,TCrendcap,Average electricity prices (2019-2050) per demand escenario Quadratic Rate Model.,4 @ x=600,y,102,102.0
inattention_energy_prices.tex,856,figura,TCrendcap,Average electricity prices (2019-2050) per demand escenario Quadratic Rate Model.,4 @ x=700,y,120,120.0
inattention_energy_prices.tex,856,figura,TCrendcap,Average electricity prices (2019-2050) per demand escenario Quadratic Rate Model.,4 @ x=800,y,103,103.0
inattention_energy_prices.tex,856,figura,TCrendcap,Average electricity prices (2019-2050) per demand escenario Quadratic Rate Model.,4 @ x=900,y,101,101.0
inattention_energy_prices.tex,856,figura,TCrendcap,Average electricity prices (2019-2050) per demand escenario Quadratic Rate Model.,4 @ x=1000,y,104,104.0
inattention_energy_prices.tex,863,figura,TCrendcap,Average electricity prices (2019-2050) per demand escenario Quadratic Rate Model.,5 @ x=100,y,115,115.0
inattention_energy_prices.tex,863,figura,TCrendcap,Average electricity prices (2019-2050) per demand escenario Quadratic Rate Model.,5 @ x=200,y,101,101.0
inattention_energy_prices.tex,863,figura,TCrendcap,Average electricity prices (2019-2050) per demand escenario Quadratic Rate Model.,5 @ x=300,y,91,91.0
inattention_energy_prices.tex,863,figura,TCrendcap,Average electricity prices (2019-2050) per demand escenario Quadratic Rate Model.,5 @ x=400,y,94,94.0
inattention_energy_prices.tex,863,figura,TCrendcap,Average electricity prices (2019-2050) per demand escenario Quadratic Rate Model.,5 @ x=500,y,76,76.0
inattention_energy_prices.tex,863,figura,TCrendcap,Average electricity prices (2019-2050) per demand escenario Quadratic Rate Model.,5 @ x=600,y,77,77.0
inattention_energy_prices.tex,863,figura,TCrendcap,Average electricity prices (2019-2050) per demand escenario Quadratic Rate Model.,5 @ x=700,y,105,105.0
inattention_energy_prices.tex,863,figura,TCrendcap,Average electricity prices (2019-2050) per demand escenario Quadratic Rate Model.,5 @ x=800,y,91,91.0
inattention_energy_prices.tex,863,figura,TCrendcap,Average electricity prices (2019-2050) per demand escenario Quadratic Rate Model.,5 @ x=900,y,90,90.0
inattention_energy_prices.tex,863,figura,TCrendcap,Average electricity prices (2019-2050) per demand escenario Quadratic Rate Model.,5 @ x=1000,y,92,92.0
inattention_energy_prices.tex,925,figura,rendcapMP2,CAP effect on ratio.,Precision Model. @ x=100,y,120.2,120.2
inattention_energy_prices.tex,925,figura,rendcapMP2,CAP effect on ratio.,Precision Model. @ x=200,y,120.2,120.2
inattention_energy_prices.tex,925,figura,rendcapMP2,CAP effect on ratio.,Precision Model. @ x=300,y,118.16,118.16
inattention_energy_prices.tex,925,figura,rendcapMP2,CAP effect on ratio.,Precision Model. @ x=400,y,108.91,108.91
inattention_energy_prices.tex,925,figura,rendcapMP2,CAP effect on ratio.,Precision Model. @ x=500,y,118,118.0
inattention_energy_prices.tex,925,figura,rendcapMP2,CAP effect on ratio.,Precision Model. @ x=600,y,120.2,120.2
inattention_energy_prices.tex,925,figura,rendcapMP2,CAP effect on ratio.,Precision Model. @ x=700,y,96.26,96.26
inattention_energy_prices.tex,925,figura,rendcapMP2,CAP effect on ratio.,Precision Model. @ x=800,y,94.65,94.65
inattention_energy_prices.tex,925,figura,rendcapMP2,CAP effect on ratio.,Precision Model. @ x=900,y,94.65,94.65
inattention_energy_prices.tex,925,figura,rendcapMP2,CAP effect on ratio.,Precision Model. @ x=1000,y,94.71,94.71
inattention_energy_prices.tex,996,figura,PMrendcap,Electricity prices (2019-2050) per scenario,1 @ x=100,y,125,125.0
inattention_energy_prices.tex,996,figura,PMrendcap,Electricity prices (2019-2050) per scenario,1 @ x=200,y,117,117.0
inattention_energy_prices.tex,996,figura,PMrendcap,Electricity prices (2019-2050) per scenario,1 @ x=300,y,104,104.0
inattention_energy_prices.tex,996,figura,PMrendcap,Electricity prices (2019-2050) per scenario,1 @ x=400,y,98,98.0
inattention_energy_prices.tex,996,figura,PMrendcap,Electricity prices (2019-2050) per scenario,1 @ x=500,y,113,113.0
inattention_energy_prices.tex,996,figura,PMrendcap,Electricity prices (2019-2050) per scenario,1 @ x=600,y,91,91.0
inattention_energy_prices.tex,996,figura,PMrendcap,Electricity prices (2019-2050) per scenario,1 @ x=700,y,108,108.0
inattention_energy_prices.tex,996,figura,PMrendcap,Electricity prices (2019-2050) per scenario,1 @ x=800,y,106,106.0
inattention_energy_prices.tex,996,figura,PMrendcap,Electricity prices (2019-2050) per scenario,1 @ x=900,y,105,105.0
inattention_energy_prices.tex,996,figura,PMrendcap,Electricity prices (2019-2050) per scenario,1 @ x=1000,y,100,100.0
inattention_energy_prices.tex,1003,figura,PMrendcap,Electricity prices (2019-2050) per scenario,2 @ x=100,y,134,134.0
inattention_energy_prices.tex,1003,figura,PMrendcap,Electricity prices (2019-2050) per scenario,2 @ x=200,y,123,123.0
inattention_energy_prices.tex,1003,figura,PMrendcap,Electricity prices (2019-2050) per scenario,2 @ x=300,y,108,108.0
inattention_energy_prices.tex,1003,figura,PMrendcap,Electricity prices (2019-2050) per scenario,2 @ x=400,y,103,103.0
inattention_energy_prices.tex,1003,figura,PMrendcap,Electricity prices (2019-2050) per scenario,2 @ x=500,y,117,117.0
inattention_energy_prices.tex,1003,figura,PMrendcap,Electricity prices (2019-2050) per scenario,2 @ x=600,y,95,95.0
inattention_energy_prices.tex,1003,figura,PMrendcap,Electricity prices (2019-2050) per scenario,2 @ x=700,y,113,113.0
inattention_energy_prices.tex,1003,figura,PMrendcap,Electricity prices (2019-2050) per scenario,2 @ x=800,y,111,111.0
inattention_energy_prices.tex,1003,figura,PMrendcap,Electricity prices (2019-2050) per scenario,2 @ x=900,y,110,110.0
inattention_energy_prices.tex,1003,figura,PMrendcap,Electricity prices (2019-2050) per scenario,2 @ x=1000,y,102,102.0
inattention_energy_prices.tex,1010,figura,PMrendcap,Electricity prices (2019-2050) per scenario,3 @ x=100,y,129,129.0
inattention_energy_prices.tex,1010,figura,PMrendcap,Electricity prices (2019-2050) per scenario,3 @ x=200,y,121,121.0
inattention_energy_prices.tex,1010,figura,PMrendcap,Electricity prices (2019-2050) per scenario,3 @ x=300,y,107,107.0
inattention_energy_prices.tex,1010,figura,PMrendcap,Electricity prices (2019-2050) per scenario,3 @ x=400,y,102,102.0
inattention_energy_prices.tex,1010,figura,PMrendcap,Electricity prices (2019-2050) per scenario,3 @ x=500,y,116,116.0
inattention_energy_prices.tex,1010,figura,PMrendcap,Electricity prices (2019-2050) per scenario,3 @ x=600,y,95,95.0
inattention_energy_prices.tex,1010,figura,PMrendcap,Electricity prices (2019-2050) per scenario,3 @ x=700,y,112,112.0
inattention_energy_prices.tex,1010,figura,PMrendcap,Electricity prices (2019-2050) per scenario,3 @ x=800,y,110,110.0
inattention_energy_prices.tex,1010,figura,PMrendcap,Electricity prices (2019-2050) per scenario,3 @ x=900,y,110,110.0
inattention_energy_prices.tex,1010,figura,PMrendcap,Electricity prices (2019-2050) per scenario,3 @ x=1000,y,101,101.0
inattention_energy_prices.tex,1017,figura,PMrendcap,Electricity prices (2019-2050) per scenario,4 @ x=100,y,148,148.0
inattention_energy_prices.tex,1017,figura,PMrendcap,Electricity prices (2019-2050) per scenario,4 @ x=200,y,136,136.0
inattention_energy_prices.tex,1017,figura,PMrendcap,Electricity prices (2019-2050) per scenario,4 @ x=300,y,113,113.0
inattention_energy_prices.tex,1017,figura,PMrendcap,Electricity prices (2019-2050) per scenario,4 @ x=400,y,115,115.0
inattention_energy_prices.tex,1017,figura,PMrendcap,Electricity prices (2019-2050) per scenario,4 @ x=500,y,123,123.0
inattention_energy_prices.tex,1017,figura,PMrendcap,Electricity prices (2019-2050) per scenario,4 @ x=600,y,108,108.0
inattention_energy_prices.tex,1017,figura,PMrendcap,Electricity prices (2019-2050) per scenario,4 @ x=700,y,120,120.0
inattention_energy_prices.tex,1017,figura,PMrendcap,Electricity prices (2019-2050) per scenario,4 @ x=800,y,117,117.0
inattention_energy_prices.tex,1017,figura,PMrendcap,Electricity prices (2019-2050) per scenario,4 @ x=900,y,117,117.0
inattention_energy_prices.tex,1017,figura,PMrendcap,Electricity prices (2019-2050) per scenario,4 @ x=1000,y,107,107.0
inattention_energy_prices.tex,1024,figura,PMrendcap,Electricity prices (2019-2050) per scenario,5 @ x=100,y,119,119.0
inattention_energy_prices.tex,1024,figura,PMrendcap,Electricity prices (2019-2050) per scenario,5 @ x=200,y,110,110.0
inattention_energy_prices.tex,1024,figura,PMrendcap,Electricity prices (2019-2050) per scenario,5 @ x=300,y,101,101.0
inattention_energy_prices.tex,1024,figura,PMrendcap,Electricity prices (2019-2050) per scenario,5 @ x=400,y,93,93.0
inattention_energy_prices.tex,1024,figura,PMrendcap,Electricity prices (2019-2050) per scenario,5 @ x=500,y,109,109.0
inattention_energy_prices.tex,1024,figura,PMrendcap,Electricity prices (2019-2050) per scenario,5 @ x=600,y,86,86.0
inattention_energy_prices.tex,1024,figura,PMrendcap,Electricity prices (2019-2050) per scenario,5 @ x=700,y,104,104.0
inattention_energy_prices.tex,1024,figura,PMrendcap,Electricity prices (2019-2050) per scenario,5 @ x=800,y,102,102.0
inattention_energy_prices.tex,1024,figura,PMrendcap,Electricity prices (2019-2050) per scenario,5 @ x=900,y,102,102.0
inattention_energy_prices.tex,1024,figura,PMrendcap,Electricity prices (2019-2050) per scenario,5 @ x=1000,y,97,97.0
inattention_energy_prices.tex,1087,figura,piapormodelo,Permit prices ^a per CAP,Original Model @ x=100,y,315.82,315.82
inattention_energy_prices.tex,1087,figura,piapormodelo,Permit prices ^a per CAP,Original Model @ x=200,y,183.55,183.55
inattention_energy_prices.tex,1087,figura,piapormodelo,Permit prices ^a per CAP,Original Model @ x=300,y,138.01,138.01
inattention_energy_prices.tex,1087,figura,piapormodelo,Permit prices ^a per CAP,Original Model @ x=400,y,110.18,110.18
inattention_energy_prices.tex,1087,figura,piapormodelo,Permit prices ^a per CAP,Original Model @ x=500,y,92.93,92.93
inattention_energy_prices.tex,1087,figura,piapormodelo,Permit prices ^a per CAP,Original Model @ x=600,y,79.42,79.42
inattention_energy_prices.tex,1087,figura,piapormodelo,Permit prices ^a per CAP,Original Model @ x=700,y,68.65,68.65
inattention_energy_prices.tex,1087,figura,piapormodelo,Permit prices ^a per CAP,Original Model @ x=800,y,59.48,59.48
inattention_energy_prices.tex,1087,figura,piapormodelo,Permit prices ^a per CAP,Original Model @ x=900,y,52.43,52.43
inattention_energy_prices.tex,1087,figura,piapormodelo,Permit prices ^a per CAP,Original Model @ x=1000,y,46.66,46.66
inattention_energy_prices.tex,1094,figura,piapormodelo,Permit prices ^a per CAP,Profit Oriented Model @ x=100,y,270.12,270.12
inattention_energy_prices.tex,1094,figura,piapormodelo,Permit prices ^a per CAP,Profit Oriented Model @ x=200,y,161.56,161.56
inattention_energy_prices.tex,1094,figura,piapormodelo,Permit prices ^a per CAP,Profit Oriented Model @ x=300,y,119.47,119.47
inattention_energy_prices.tex,1094,figura,piapormodelo,Permit prices ^a per CAP,Profit Oriented Model @ x=400,y,95.83,95.83
inattention_energy_prices.tex,1094,figura,piapormodelo,Permit prices ^a per CAP,Profit Oriented Model @ x=500,y,79.31,79.31
inattention_energy_prices.tex,1094,figura,piapormodelo,Permit prices ^a per CAP,Profit Oriented Model @ x=600,y,66.57,66.57
inattention_energy_prices.tex,1094,figura,piapormodelo,Permit prices ^a per CAP,Profit Oriented Model @ x=700,y,56.37,56.37
inattention_energy_prices.tex,1094,figura,piapormodelo,Permit prices ^a per CAP,Profit Oriented Model @ x=800,y,48.76,48.76
inattention_energy_prices.tex,1094,figura,piapormodelo,Permit prices ^a per CAP,Profit Oriented Model @ x=900,y,42.26,42.26
inattention_energy_prices.tex,1094,figura,piapormodelo,Permit prices ^a per CAP,Profit Oriented Model @ x=1000,y,35.98,35.98
inattention_energy_prices.tex,1103,figura,piapormodelo,Permit prices ^a per CAP,Quadratic Rate Model @ x=100,y,232.82,232.82
inattention_energy_prices.tex,1103,figura,piapormodelo,Permit prices ^a per CAP,Quadratic Rate Model @ x=200,y,141.55,141.55
inattention_energy_prices.tex,1103,figura,piapormodelo,Permit prices ^a per CAP,Quadratic Rate Model @ x=300,y,103.32,103.32
inattention_energy_prices.tex,1103,figura,piapormodelo,Permit prices ^a per CAP,Quadratic Rate Model @ x=400,y,0,0.0
inattention_energy_prices.tex,1103,figura,piapormodelo,Permit prices ^a per CAP,Quadratic Rate Model @ x=500,y,37.26,37.26
inattention_energy_prices.tex,1103,figura,piapormodelo,Permit prices ^a per CAP,Quadratic Rate Model @ x=600,y,40.43,40.43
inattention_energy_prices.tex,1103,figura,piapormodelo,Permit prices ^a per CAP,Quadratic Rate Model @ x=700,y,36.41,36.41
inattention_energy_prices.tex,1103,figura,piapormodelo,Permit prices ^a per CAP,Quadratic Rate Model @ x=800,y,31.27,31.27
inattention_energy_prices.tex,1103,figura,piapormodelo,Permit prices ^a per CAP,Quadratic Rate Model @ x=900,y,31.21,31.21
inattention_energy_prices.tex,1103,figura,piapormodelo,Permit prices ^a per CAP,Quadratic Rate Model @ x=1000,y,30,30.0
inattention_energy_prices.tex,1112,figura,piapormodelo,Permit prices ^a per CAP,Precision Model @ x=100,y,270.12,270.12
inattention_energy_prices.tex,1112,figura,piapormodelo,Permit prices ^a per CAP,Precision Model @ x=200,y,155.15,155.15
inattention_energy_prices.tex,1112,figura,piapormodelo,Permit prices ^a per CAP,Precision Model @ x=300,y,39.06,39.06
inattention_energy_prices.tex,1112,figura,piapormodelo,Permit prices ^a per CAP,Precision Model @ x=400,y,33.93,33.93
inattention_energy_prices.tex,1112,figura,piapormodelo,Permit prices ^a per CAP,Precision Model @ x=500,y,38.82,38.82
inattention_energy_prices.tex,1112,figura,piapormodelo,Permit prices ^a per CAP,Precision Model @ x=600,y,39.2,39.2
inattention_energy_prices.tex,1112,figura,piapormodelo,Permit prices ^a per CAP,Precision Model @ x=700,y,35.73,35.73
inattention_energy_prices.tex,1112,figura,piapormodelo,Permit prices ^a per CAP,Precision Model @ x=800,y,35.73,35.73
inattention_energy_prices.tex,1112,figura,piapormodelo,Permit prices ^a per CAP,Precision Model @ x=900,y,35.73,35.73
inattention_energy_prices.tex,1112,figura,piapormodelo,Permit prices ^a per CAP,Precision Model @ x=1000,y,35.73,35.73
inattention_energy_prices.tex,1151,figura,permisospormodelo,Permits emitted per CAP,Original Model @ x=100,y,100,100.0
inattention_energy_prices.tex,1151,figura,permisospormodelo,Permits emitted per CAP,Original Model @ x=200,y,200,200.0
inattention_energy_prices.tex,1151,figura,permisospormodelo,Permits emitted per CAP,Original Model @ x=300,y,300,300.0
inattention_energy_prices.tex,1151,figura,permisospormodelo,Permits emitted per CAP,Original Model @ x=400,y,400,400.0
inattention_energy_prices.tex,1151,figura,permisospormodelo,Permits emitted per CAP,Original Model @ x=500,y,500,500.0
inattention_energy_prices.tex,1151,figura,permisospormodelo,Permits emitted per CAP,Original Model @ x=600,y,600,600.0
inattention_energy_prices.tex,1151,figura,permisospormodelo,Permits emitted per CAP,Original Model @ x=700,y,700,700.0
inattention_energy_prices.tex,1151,figura,permisospormodelo,Permits emitted per CAP,Original Model @ x=800,y,800,800.0
inattention_energy_prices.tex,1151,figura,permisospormodelo,Permits emitted per CAP,Original Model @ x=900,y,900,900.0
inattention_energy_prices.tex,1151,figura,permisospormodelo,Permits emitted per CAP,Original Model @ x=1000,y,1000,1000.0
inattention_energy_prices.tex,1158,figura,permisospormodelo,Permits emitted per CAP,Profit Oriented Model @ x=100,y,120.2,120.2
inattention_energy_prices.tex,1158,figura,permisospormodelo,Permits emitted per CAP,Profit Oriented Model @ x=200,y,240.4,240.4
inattention_energy_prices.tex,1158,figura,permisospormodelo,Permits emitted per CAP,Profit Oriented Model @ x=300,y,360.6,360.6
inattention_energy_prices.tex,1158,figura,permisospormodelo,Permits emitted per CAP,Profit Oriented Model @ x=400,y,454.79,454.79
inattention_energy_prices.tex,1158,figura,permisospormodelo,Permits emitted per CAP,Profit Oriented Model @ x=500,y,601,601.0
inattention_energy_prices.tex,1158,figura,permisospormodelo,Permits emitted per CAP,Profit Oriented Model @ x=600,y,605.27,605.27
inattention_energy_prices.tex,1158,figura,permisospormodelo,Permits emitted per CAP,Profit Oriented Model @ x=700,y,605.27,605.27
inattention_energy_prices.tex,1158,figura,permisospormodelo,Permits emitted per CAP,Profit Oriented Model @ x=800,y,961.6,961.6
inattention_energy_prices.tex,1158,figura,permisospormodelo,Permits emitted per CAP,Profit Oriented Model @ x=900,y,605.27,605.27
inattention_energy_prices.tex,1158,figura,permisospormodelo,Permits emitted per CAP,Profit Oriented Model @ x=1000,y,605.27,605.27
inattention_energy_prices.tex,1166,figura,permisospormodelo,Permits emitted per CAP,Quadratic Rate Model @ x=100,y,144.94,144.94
inattention_energy_prices.tex,1166,figura,permisospormodelo,Permits emitted per CAP,Quadratic Rate Model @ x=200,y,289.88,289.88
inattention_energy_prices.tex,1166,figura,permisospormodelo,Permits emitted per CAP,Quadratic Rate Model @ x=300,y,434.83,434.83
inattention_energy_prices.tex,1166,figura,permisospormodelo,Permits emitted per CAP,Quadratic Rate Model @ x=400,y,579.77,579.77
inattention_energy_prices.tex,1166,figura,permisospormodelo,Permits emitted per CAP,Quadratic Rate Model @ x=500,y,653.75,653.75
inattention_energy_prices.tex,1166,figura,permisospormodelo,Permits emitted per CAP,Quadratic Rate Model @ x=600,y,619.93,619.93
inattention_energy_prices.tex,1166,figura,permisospormodelo,Permits emitted per CAP,Quadratic Rate Model @ x=700,y,661.25,661.25
inattention_energy_prices.tex,1166,figura,permisospormodelo,Permits emitted per CAP,Quadratic Rate Model @ x=800,y,610.91,610.91
inattention_energy_prices.tex,1166,figura,permisospormodelo,Permits emitted per CAP,Quadratic Rate Model @ x=900,y,609.12,609.12
inattention_energy_prices.tex,1166,figura,permisospormodelo,Permits emitted per CAP,Quadratic Rate Model @ x=1000,y,698.67,698.67
inattention_energy_prices.tex,1174,figura,permisospormodelo,Permits emitted per CAP,Precision Model @ x=100,y,120.2,120.2
inattention_energy_prices.tex,1174,figura,permisospormodelo,Permits emitted per CAP,Precision Model @ x=200,y,240.4,240.4
inattention_energy_prices.tex,1174,figura,permisospormodelo,Permits emitted per CAP,Precision Model @ x=300,y,354.5,354.5
inattention_energy_prices.tex,1174,figura,permisospormodelo,Permits emitted per CAP,Precision Model @ x=400,y,435.64,435.64
inattention_energy_prices.tex,1174,figura,permisospormodelo,Permits emitted per CAP,Precision Model @ x=500,y,590.04,590.04
inattention_energy_prices.tex,1174,figura,permisospormodelo,Permits emitted per CAP,Precision Model @ x=600,y,721.2,721.2
inattention_energy_prices.tex,1174,figura,permisospormodelo,Permits emitted per CAP,Precision Model @ x=700,y,673.83,673.83
inattention_energy_prices.tex,1174,figura,permisospormodelo,Permits emitted per CAP,Precision Model @ x=800,y,757.24,757.24
inattention_energy_prices.tex,1174,figura,permisospormodelo,Permits emitted per CAP,Precision Model @ x=900,y,851.9,851.9
inattention_energy_prices.tex,1174,figura,permisospormodelo,Permits emitted per CAP,Precision Model @ x=1000,y,947.17,947.17
inattention_energy_prices.tex,1219,figura,pidpormodelo,Electricity average price (2019-2050) ^d per CAP.,Original Model @ x=100,y,135.54,135.54
inattention_energy_prices.tex,1219,figura,pidpormodelo,Electricity average price (2019-2050) ^d per CAP.,Original Model @ x=200,y,120.08,120.08
inattention_energy_prices.tex,1219,figura,pidpormodelo,Electricity average price (2019-2050) ^d per CAP.,Original Model @ x=300,y,111.03,111.03
inattention_energy_prices.tex,1219,figura,pidpormodelo,Electricity average price (2019-2050) ^d per CAP.,Original Model @ x=400,y,104.21,104.21
inattention_energy_prices.tex,1219,figura,pidpormodelo,Electricity average price (2019-2050) ^d per CAP.,Original Model @ x=500,y,98.93,98.93
inattention_energy_prices.tex,1219,figura,pidpormodelo,Electricity average price (2019-2050) ^d per CAP.,Original Model @ x=600,y,94.24,94.24
inattention_energy_prices.tex,1219,figura,pidpormodelo,Electricity average price (2019-2050) ^d per CAP.,Original Model @ x=700,y,90.03,90.03
inattention_energy_prices.tex,1219,figura,pidpormodelo,Electricity average price (2019-2050) ^d per CAP.,Original Model @ x=800,y,86.13,86.13
inattention_energy_prices.tex,1219,figura,pidpormodelo,Electricity average price (2019-2050) ^d per CAP.,Original Model @ x=900,y,82.86,82.86
inattention_energy_prices.tex,1219,figura,pidpormodelo,Electricity average price (2019-2050) ^d per CAP.,Original Model @ x=1000,y,79.99,79.99
inattention_energy_prices.tex,1228,figura,pidpormodelo,Electricity average price (2019-2050) ^d per CAP.,Profit Oriented Model @ x=100,y,125.4,125.4
inattention_energy_prices.tex,1228,figura,pidpormodelo,Electricity average price (2019-2050) ^d per CAP.,Profit Oriented Model @ x=200,y,106.36,106.36
inattention_energy_prices.tex,1228,figura,pidpormodelo,Electricity average price (2019-2050) ^d per CAP.,Profit Oriented Model @ x=300,y,102.59,102.59
inattention_energy_prices.tex,1228,figura,pidpormodelo,Electricity average price (2019-2050) ^d per CAP.,Profit Oriented Model @ x=400,y,96.75,96.75
inattention_energy_prices.tex,1228,figura,pidpormodelo,Electricity average price (2019-2050) ^d per CAP.,Profit Oriented Model @ x=500,y,90.43,90.43
inattention_energy_prices.tex,1228,figura,pidpormodelo,Electricity average price (2019-2050) ^d per CAP.,Profit Oriented Model @ x=600,y,88.07,88.07
inattention_energy_prices.tex,1228,figura,pidpormodelo,Electricity average price (2019-2050) ^d per CAP.,Profit Oriented Model @ x=700,y,88.07,88.07
inattention_energy_prices.tex,1228,figura,pidpormodelo,Electricity average price (2019-2050) ^d per CAP.,Profit Oriented Model @ x=800,y,77.16,77.16
inattention_energy_prices.tex,1228,figura,pidpormodelo,Electricity average price (2019-2050) ^d per CAP.,Profit Oriented Model @ x=900,y,88.07,88.07
inattention_energy_prices.tex,1228,figura,pidpormodelo,Electricity average price (2019-2050) ^d per CAP.,Profit Oriented Model @ x=1000,y,88.07,88.07
inattention_energy_prices.tex,1237,figura,pidpormodelo,Electricity average price (2019-2050) ^d per CAP.,Quadratic Rate Model @ x=100,y,127.22,127.22
inattention_energy_prices.tex,1237,figura,pidpormodelo,Electricity average price (2019-2050) ^d per CAP.,Quadratic Rate Model @ x=200,y,111.82,111.82
inattention_energy_prices.tex,1237,figura,pidpormodelo,Electricity average price (2019-2050) ^d per CAP.,Quadratic Rate Model @ x=300,y,102.2,102.2
inattention_energy_prices.tex,1237,figura,pidpormodelo,Electricity average price (2019-2050) ^d per CAP.,Quadratic Rate Model @ x=400,y,100.41,100.41
inattention_energy_prices.tex,1237,figura,pidpormodelo,Electricity average price (2019-2050) ^d per CAP.,Quadratic Rate Model @ x=500,y,88.73,88.73
inattention_energy_prices.tex,1237,figura,pidpormodelo,Electricity average price (2019-2050) ^d per CAP.,Quadratic Rate Model @ x=600,y,90.35,90.35
inattention_energy_prices.tex,1237,figura,pidpormodelo,Electricity average price (2019-2050) ^d per CAP.,Quadratic Rate Model @ x=700,y,112.66,112.66
inattention_energy_prices.tex,1237,figura,pidpormodelo,Electricity average price (2019-2050) ^d per CAP.,Quadratic Rate Model @ x=800,y,96.72,96.72
inattention_energy_prices.tex,1237,figura,pidpormodelo,Electricity average price (2019-2050) ^d per CAP.,Quadratic Rate Model @ x=900,y,95.32,95.32
inattention_energy_prices.tex,1237,figura,pidpormodelo,Electricity average price (2019-2050) ^d per CAP.,Quadratic Rate Model @ x=1000,y,97.25,97.25
inattention_energy_prices.tex,1245,figura,pidpormodelo,Electricity average price (2019-2050) ^d per CAP.,Precision Model @ x=100,y,131.38,131.38
inattention_energy_prices.tex,1245,figura,pidpormodelo,Electricity average price (2019-2050) ^d per CAP.,Precision Model @ x=200,y,121.78,121.78
inattention_energy_prices.tex,1245,figura,pidpormodelo,Electricity average price (2019-2050) ^d per CAP.,Precision Model @ x=300,y,107.01,107.01
inattention_energy_prices.tex,1245,figura,pidpormodelo,Electricity average price (2019-2050) ^d per CAP.,Precision Model @ x=400,y,102.47,102.47
inattention_energy_prices.tex,1245,figura,pidpormodelo,Electricity average price (2019-2050) ^d per CAP.,Precision Model @ x=500,y,116.1,116.1
inattention_energy_prices.tex,1245,figura,pidpormodelo,Electricity average price (2019-2050) ^d per CAP.,Precision Model @ x=600,y,95.43,95.43
inattention_energy_prices.tex,1245,figura,pidpormodelo,Electricity average price (2019-2050) ^d per CAP.,Precision Model @ x=700,y,111.93,111.93
inattention_energy_prices.tex,1245,figura,pidpormodelo,Electricity average price (2019-2050) ^d per CAP.,Precision Model @ x=800,y,109.85,109.85
inattention_energy_prices.tex,1245,figura,pidpormodelo,Electricity average price (2019-2050) ^d per CAP.,Precision Model @ x=900,y,109.33,109.33
inattention_energy_prices.tex,1245,figura,pidpormodelo,Electricity average price (2019-2050) ^d per CAP.,Precision Model @ x=1000,y,101.77,101.77
inattention_energy_prices.tex,2,prosa,,,,,2019,2019.0
inattention_energy_prices.tex,2,prosa,,,,,-2021,-2021.0
inattention_energy_prices.tex,8,prosa,,e distributed under the conditions of the LaTeX Project Public,,,1.2,1.2
inattention_energy_prices.tex,11,prosa,,version of this license is in,,,1.2,1.2
inattention_energy_prices.tex,12,prosa,,org/lppl.txt,,,1999,1999.0
inattention_energy_prices.tex,12,prosa,,ppl.txt,,,12,12.0
inattention_energy_prices.tex,12,prosa,,.txt,,,01,1.0
inattention_energy_prices.tex,34,prosa,,"kage[authoryear,longnamesfirst] natbib pgfplots #",,,1,1.0
inattention_energy_prices.tex,34,prosa,,"ryear,longnamesfirst] natbib pgfplots #1 #",,,1,1.0
inattention_energy_prices.tex,34,prosa,,atbib pgfplots #1 #1 #,,,1,1.0
inattention_energy_prices.tex,51,prosa,,tion Definition document,,,1,1.0
inattention_energy_prices.tex,52,prosa,,document 1 .,,,001,1.0
inattention_energy_prices.tex,64,prosa,,mode = title] Inattention raises energy prices,,,1,1.0
inattention_energy_prices.tex,65,prosa,,nattention raises energy prices,,,1,1.0
inattention_energy_prices.tex,67,prosa,,gy prices,,,1.,1.0
inattention_energy_prices.tex,68,prosa,,e footnote mark,,,1,1.0
inattention_energy_prices.tex,69,prosa,,,,,1,1.0
inattention_energy_prices.tex,74,prosa,,text,,,"1,3",13.0
inattention_energy_prices.tex,76,prosa,,required,,,"000,",0.0
inattention_energy_prices.tex,77,prosa,,"hor[1,3] Author Name [type=editor,",,,"1,",1.0
inattention_energy_prices.tex,79,prosa,,"style=chinese,",,,0000,0.0
inattention_energy_prices.tex,79,prosa,,"style=chinese,",,,-0000,-0.0
inattention_energy_prices.tex,79,prosa,,"le=chinese,",,,-0000,-0.0
inattention_energy_prices.tex,79,prosa,,"inese,",,,"-0000,",-0.0
inattention_energy_prices.tex,85,prosa,,"twitter=<twitter id>, [",,,1,1.0
inattention_energy_prices.tex,86,prosa,,"gplus=<gplus id>] [1] Sebastián Cea-Echenique [type=author, orcid=",,,0000,0.0
inattention_energy_prices.tex,86,prosa,,"gplus=<gplus id>] [1] Sebastián Cea-Echenique [type=author, orcid=0000",,,-0003,-3.0
inattention_energy_prices.tex,86,prosa,,"=<gplus id>] [1] Sebastián Cea-Echenique [type=author, orcid=0000-0003",,,-3952,-3952.0
inattention_energy_prices.tex,86,prosa,,"us id>] [1] Sebastián Cea-Echenique [type=author, orcid=0000-0003-3952",,,-6299,-6299.0
inattention_energy_prices.tex,95,prosa,,of the first author [,,,1,1.0
inattention_energy_prices.tex,106,prosa,,"logy, Software [",,,1,1.0
inattention_energy_prices.tex,107,prosa,,"ion= Universidad de los Andes , addressline= Mons. Alvaro del Portillo",,,12455,12455.0
inattention_energy_prices.tex,110,prosa,,"itysep= , postcode=",,,7620086,7620086.0
inattention_energy_prices.tex,114,prosa,,"code= 7620086 , state= Metropolitana , country= CHILE [",,,1,1.0
inattention_energy_prices.tex,117,prosa,,CHILE [1] Vicente Muñoz [type=author],,,2,2.0
inattention_energy_prices.tex,138,prosa,,", [",,,1,1.0
inattention_energy_prices.tex,140,prosa,,country= [1] Corresponding author [,,,2,2.0
inattention_energy_prices.tex,141,prosa,,"cortext[1] Corresponding author [2] Felipe Feijoo [type=author, orcid=",,,0000,0.0
inattention_energy_prices.tex,141,prosa,,"ext[1] Corresponding author [2] Felipe Feijoo [type=author, orcid=0000",,,-0003,-3.0
inattention_energy_prices.tex,141,prosa,,"] Corresponding author [2] Felipe Feijoo [type=author, orcid=0000-0003",,,-3129,-3129.0
inattention_energy_prices.tex,141,prosa,,"responding author [2] Felipe Feijoo [type=author, orcid=0000-0003-3129",,,-9597,-9597.0
inattention_energy_prices.tex,146,prosa,,cid=0000-0003-3129-9597] felipe.feijoo@pucv.cl [,,,2,2.0
inattention_energy_prices.tex,147,prosa,,"nization= School of Industrial Engeneering, PUCV , addressline= Brasil",,,2241,2241.0
inattention_energy_prices.tex,150,prosa,,"itysep= , postcode=",,,2362807,2362807.0
inattention_energy_prices.tex,155,prosa,,", state= Valparaíso , country= CHILE",,,1,1.0
inattention_energy_prices.tex,162,prosa,,uthorises for the larger budgets and sustains allowance prices between,,,77,77.0
inattention_energy_prices.tex,162,prosa,,orises for the larger budgets and sustains allowance prices between 77,,,88,88.0
inattention_energy_prices.tex,194,prosa,,duction sec:intro Pollution control has been a focal point in the past,,,20,20.0
inattention_energy_prices.tex,194,prosa,,nistry of the Environment reports that the energy sector accounted for,,,77,77.0
inattention_energy_prices.tex,194,prosa,,nt reports that the energy sector accounted for 77,,,"2018,",2018.0
inattention_energy_prices.tex,194,prosa,,t sector electricity generation is the largest single contributor with,,,30,30.0
inattention_energy_prices.tex,196,prosa,," by applying a carbon tax and/or cap-and-trade mechanisms. Finland, in",,,"1990,",1990.0
inattention_energy_prices.tex,196,prosa,,", in 1990, was the first country to implement a carbon tax, since then",,,19,19.0
inattention_energy_prices.tex,196,prosa,,e same according. See https://taxfoundation.org/carbon-taxes-in-europe,,,-2022,-2022.0
inattention_energy_prices.tex,196,prosa,,/carbon-taxes-in-europe-2022/ The tax is charged for every unit of CO_,,,2,2.0
inattention_energy_prices.tex,198,prosa,," the Cap-and-Trade System (CaTS), concept created by Thomas Crocker in",,,1966.,1966.0
inattention_energy_prices.tex,198,prosa,,"by Thomas Crocker in 1966. A somewhat contradictory origin, because in",,,2009,2009.0
inattention_energy_prices.tex,198,prosa,,inessinsider.com/inventor-of-cap-and-trade-says-a-carbon-tax-is-better,,,-2009,-2009.0
inattention_energy_prices.tex,198,prosa,,insider.com/inventor-of-cap-and-trade-says-a-carbon-tax-is-better-2009,,,-8,-8.0
inattention_energy_prices.tex,221,prosa,,"lator (allowance permit emitter), bringing results for every year from",,,2018,2018.0
inattention_energy_prices.tex,221,prosa,,"llowance permit emitter), bringing results for every year from 2018 to",,,2050,2050.0
inattention_energy_prices.tex,230,prosa,,intro _ 0 ; - ^a + F( ) s.t. ^,,,-1,-1.0
inattention_energy_prices.tex,230,prosa,,a + F( ) s.t. ^ -1 ( ) + -,,,0,0.0
inattention_energy_prices.tex,258,prosa,,be a part of. Carbon budget is represented by the maximum level of CO_,,,2,2.0
inattention_energy_prices.tex,258,prosa,,a for each unit. The price ^a represents the allowances price in stage,,,1.,1.0
inattention_energy_prices.tex,262,prosa,,"te. Timing, demand and notation subsec:demand Time is indexed by T_",,,0,0.0
inattention_energy_prices.tex,262,prosa,,"Timing, demand and notation subsec:demand Time is indexed by T_0:=",,,0,0.0
inattention_energy_prices.tex,262,prosa,,mand and notation subsec:demand Time is indexed by T_0:= 0 T with T:=,,,"1,",1.0
inattention_energy_prices.tex,264,prosa,,ga))_ in the simplex [ := (Pr( ))_ [,,,"0,1",1.0
inattention_energy_prices.tex,264,prosa,,"( ))_ [0,1]^ | | : _ Pr( )=",,,1,1.0
inattention_energy_prices.tex,273,prosa,,together with its state-contingent continuation. In the first stage t=,,,0,0.0
inattention_energy_prices.tex,273,prosa,,uation. In the first stage t=0 demand is deterministic and equal to D(,,,0,0.0
inattention_energy_prices.tex,273,prosa,,"R _+ for (t, ) T , so that the demand profile is D= (D(",,,0,0.0
inattention_energy_prices.tex,274,prosa,,. Allowances are traded in two markets: allowances are auctioned in t=,,,0,0.0
inattention_energy_prices.tex,281,prosa,,"itemize a capacity expansion plan x_i Z , with components x_i(",,,0,0.0
inattention_energy_prices.tex,282,prosa,,") and x_i(t, ); a production plan Q_i Z , with components Q_i(",,,0,0.0
inattention_energy_prices.tex,283,prosa,,"d Q_i(t, ); allowances A_i R _+ bought from the auctioneer in t=",,,0,0.0
inattention_energy_prices.tex,287,prosa,,old in the secondary market. itemize Electricity prices are ^d:= ( ^d(,,,0,0.0
inattention_energy_prices.tex,287,prosa,,"))_ (t, ) ) Z and, given parameters (a_i,b_i) R ^",,,2,2.0
inattention_energy_prices.tex,287,prosa,,"R ^2_+, the revenue function of producer i is f_i(p,q)= (a_i q+ b_i",,,2,2.0
inattention_energy_prices.tex,287,prosa,,"^2_+, the revenue function of producer i is f_i(p,q)= (a_i q+ b_i 2 q^",,,2,2.0
inattention_energy_prices.tex,290,prosa,,"left(a_i q+ b_i 2 q^2 )-p ,q. Write align X &:= Z ^",,,2,2.0
inattention_energy_prices.tex,292,prosa,,"_+ R _+^ , set:Pi &:= R _+^2 R _+^",,,7,7.0
inattention_energy_prices.tex,303,prosa,,ve equation eq:prodobj split _ X ; & f_i ( ^d(,,,0,0.0
inattention_energy_prices.tex,303,prosa,,"gin equation eq:prodobj split _ X ; & f_i ( ^d(0),Q_i(",,,0,0.0
inattention_energy_prices.tex,303,prosa,,"odobj split _ X ; & f_i ( ^d(0),Q_i(0) )+A_i ^a+I_i x_i(",,,0,0.0
inattention_energy_prices.tex,305,prosa,,Pr( ) [ ^v( ) (P_i( )-V_i( ) ) & ; + _ t>,,,0,0.0
inattention_energy_prices.tex,305,prosa,,"a) ) & ; + _ t>0 TC_i(t) , f_i ( ^d(t, ),Q_i(t, ) ) (",,,1,1.0
inattention_energy_prices.tex,306,prosa,,"0 TC_i(t) , f_i ( ^d(t, ),Q_i(t, ) ) (1+R)^t & ; + _ t>",,,0,0.0
inattention_energy_prices.tex,306,prosa,,",Q_i(t, ) ) (1+R)^t & ; + _ t>0 TCR_i(t) , I_i , x_i(t, ) (",,,1,1.0
inattention_energy_prices.tex,310,prosa,,"a) (1+R)^t ] split equation subject to, for every i, and t>",,,0,0.0
inattention_energy_prices.tex,314,prosa,,"mega and t>0, footnotesize align (CF_i ) [ Q_i+x_i(",,,0,0.0
inattention_energy_prices.tex,314,prosa,,"g) [ Q_i+x_i(0)+ ! ! _ t'<t-lag_i ! !x_i(t', ) ]-Q_i(t, ) &",,,0,0.0
inattention_energy_prices.tex,315,prosa,,"_i(t, ) & 0 ; ; ( _ i, ,t ) res:capt (CF_i ) Q_i-Q_i(",,,0,0.0
inattention_energy_prices.tex,315,prosa,,"ga) & 0 ; ; ( _ i, ,t ) res:capt (CF_i ) Q_i-Q_i(0) &",,,0,0.0
inattention_energy_prices.tex,316,prosa,,) Q_i-Q_i(0) & 0 ; ; ( _i) res:2 RP_i- Q_i-x_i(0)- _ t>,,,0,0.0
inattention_energy_prices.tex,316,prosa,,"0 ; ; ( _i) res:2 RP_i- Q_i-x_i(0)- _ t>0 x_i(t, ) &",,,0,0.0
inattention_energy_prices.tex,318,prosa,,"; ; ( _ i, ) res:4 A_i+P_i( )-V_i( )- _i [Q_i(",,,0,0.0
inattention_energy_prices.tex,318,prosa,,", ) res:4 A_i+P_i( )-V_i( )- _i [Q_i(0)+ ! _ t>",,,0,0.0
inattention_energy_prices.tex,318,prosa,,"P_i( )-V_i( )- _i [Q_i(0)+ ! _ t>0 !Q_i(t, ) ] &",,,0,0.0
inattention_energy_prices.tex,326,prosa,,uctioneer chooses the quantity of allowances R _+ made available in t=,,,0,0.0
inattention_energy_prices.tex,326,prosa,,"vailable in t=0 at a price ^a, which is set so that the market for CO_",,,2,2.0
inattention_energy_prices.tex,326,prosa,,he auctioneer. The carbon budget CAP R _+ --- the maximum level of CO_,,,2,2.0
inattention_energy_prices.tex,326,prosa,,"- is not observed, and is drawn from a normal distribution, CAP N( , ^",,,2,2.0
inattention_energy_prices.tex,330,prosa,,; & - ^a+ F ( ) eq:sub s.t. ^,,,-1,-1.0
inattention_energy_prices.tex,330,prosa,,( ) eq:sub s.t. ^ -1 ( ) + - &,,,0,0.0
inattention_energy_prices.tex,343,prosa,,& ( _i )_ i N ) & R _+ R _+^,,,4,4.0
inattention_energy_prices.tex,350,prosa,,in the capacity investment model is a vector of prices and decisions [,,,0.92,0.92
inattention_energy_prices.tex,354,prosa,,",Q_i^*,A_i^*,P_i^*,V_i^*) solves the problem of producer i for every i",,,"1,",1.0
inattention_energy_prices.tex,358,prosa,,"ega) , & ( ^ v* ( )) mc:trade _ i Q_i^*(0) &= D(",,,0,0.0
inattention_energy_prices.tex,358,prosa,,"all , & ( ^ v* ( )) mc:trade _ i Q_i^*(0) &= D(0) & ( ^ d* (",,,0,0.0
inattention_energy_prices.tex,370,prosa,,"quadratic cost, equation eq:costP C(P)= cases 0, & P d c(P-d)^",,,"2,",2.0
inattention_energy_prices.tex,373,prosa,,"C(P)= cases 0, & P d c(P-d)^2, & P>d cases equation where P [",,,"0,1",1.0
inattention_energy_prices.tex,375,prosa,,"nue net of the cost of accuracy, equation eq:POdeck _ ( ,P) [0,(",,,1,1.0
inattention_energy_prices.tex,375,prosa,,"accuracy, equation eq:POdeck _ ( ,P) [0,(1+ )CAP] [",,,"0,1",1.0
inattention_energy_prices.tex,375,prosa,,"el eq:POdeck _ ( ,P) [0,(1+ )CAP] [0,1] ; - ^a P+c(P-d)^",,,2,2.0
inattention_energy_prices.tex,379,prosa,,"budget, equation eq:WOdeck _ [0,CAP] ; - ^a+c (",,,1,1.0
inattention_energy_prices.tex,379,prosa,,"Odeck _ [0,CAP] ; - ^a+c (1- | -CAP| CAP -d )^",,,2,2.0
inattention_energy_prices.tex,390,prosa,,equation array rrclcl _ & - ^aP + c(P-d)^,,,2,2.0
inattention_energy_prices.tex,395,prosa,,array equation equation array cl ^a P - c(P-d)^,,,2,2.0
inattention_energy_prices.tex,395,prosa,,ray equation equation array cl ^a P - c(P-d)^2,,,0,0.0
inattention_energy_prices.tex,400,prosa,,2:r1 array equation equation array cl (,,,1,1.0
inattention_energy_prices.tex,400,prosa,,d equation equation array cl (1+error)-,,,0,0.0
inattention_energy_prices.tex,405,prosa,,profit2:r2 array equation equation array cl,,,0,0.0
inattention_energy_prices.tex,418,prosa,,: equation array rrclcl _ & - ^a + c(,,,1,1.0
inattention_energy_prices.tex,418,prosa,,rrclcl _ & - ^a + c(1- ( - )^,,,2,2.0
inattention_energy_prices.tex,418,prosa,,laystyle _ & - ^a + c(1- ( - )^2 ^,,,2,2.0
inattention_energy_prices.tex,418,prosa,,e _ & - ^a + c(1- ( - )^2 ^2 -d)^,,,2,2.0
inattention_energy_prices.tex,423,prosa,,ray equation equation array rrclcl ^a - c(,,,1,1.0
inattention_energy_prices.tex,423,prosa,,ion array rrclcl ^a - c(1- ( - )^,,,2,2.0
inattention_energy_prices.tex,423,prosa,,y rrclcl ^a - c(1- ( - )^2 ^,,,2,2.0
inattention_energy_prices.tex,423,prosa,,lcl ^a - c(1- ( - )^2 ^2 -d)^,,,2,2.0
inattention_energy_prices.tex,423,prosa,,isplaystyle ^a - c(1- ( - )^2 ^2 -d)^2,,,0,0.0
inattention_energy_prices.tex,428,prosa,,eta) social1:r11 array equation equation array rrclcl,,,1,1.0
inattention_energy_prices.tex,428,prosa,,ay equation equation array rrclcl 1 - ( - )^,,,2,2.0
inattention_energy_prices.tex,428,prosa,,n equation array rrclcl 1 - ( - )^2 ^,,,2,2.0
inattention_energy_prices.tex,428,prosa,,uation array rrclcl 1 - ( - )^2 ^2 - d,,,0,0.0
inattention_energy_prices.tex,433,prosa,,array equation equation array rrclcl ( - )^,,,2,2.0
inattention_energy_prices.tex,433,prosa,,ation equation array rrclcl ( - )^2 ^,,,2,2.0
inattention_energy_prices.tex,433,prosa,,n equation array rrclcl ( - )^2 ^2 + d,,,0,0.0
inattention_energy_prices.tex,438,prosa,,ocial1:r41 array equation equation array rrclcl,,,0,0.0
inattention_energy_prices.tex,446,prosa,,w a variable formed as follows: equation array rrclcl P =,,,1,1.0
inattention_energy_prices.tex,446,prosa,,array rrclcl P = 1- ( - )^,,,2,2.0
inattention_energy_prices.tex,452,prosa,, the numerator into a variable r. The performance is now defined as P=,,,1,1.0
inattention_energy_prices.tex,457,prosa,,"equation array rrclcl _ ,r & - ^a + c(",,,1,1.0
inattention_energy_prices.tex,457,prosa,,"ay rrclcl _ ,r & - ^a + c(1- r -d)^",,,2,2.0
inattention_energy_prices.tex,462,prosa,,ray equation equation array rrclcl ^a - c(,,,1,1.0
inattention_energy_prices.tex,462,prosa,,quation array rrclcl ^a - c(1- r -d)^,,,2,2.0
inattention_energy_prices.tex,462,prosa,,array rrclcl ^a - c(1- r -d)^2,,,0,0.0
inattention_energy_prices.tex,467,prosa,,tion equation array rrclcl r - +,,,0,0.0
inattention_energy_prices.tex,472,prosa,,tion equation array rrclcl r + -,,,0,0.0
inattention_energy_prices.tex,477,prosa,,lta) social1:r23 array equation equation array rrclcl,,,1,1.0
inattention_energy_prices.tex,477,prosa,,ay equation equation array rrclcl 1- r -d,,,0,0.0
inattention_energy_prices.tex,482,prosa,,ay equation equation array rrclcl r + d,,,0,0.0
inattention_energy_prices.tex,487,prosa,,ocial1:r27 array equation equation array rrclcl,,,0,0.0
inattention_energy_prices.tex,492,prosa,,bel social1:r24 array equation equation array rrclcl r,,,0,0.0
inattention_energy_prices.tex,498,prosa,,"wo_2021 on the Chilean power system, with a reference carbon budget of",,,100,100.0
inattention_energy_prices.tex,498,prosa,,"the Chilean power system, with a reference carbon budget of 100 ,MtCO_",,,2,2.0
inattention_energy_prices.tex,498,prosa,,"arbon budget of 100 ,MtCO_2e and the corresponding allowance price ^a=",,,315.83,315.83
inattention_energy_prices.tex,498,prosa,,15.83. The performance attainable with public information is set to d=,,,0.798,0.798
inattention_energy_prices.tex,498,prosa,,"ainable with public information is set to d=0.798, obtained from the =",,,0.202,0.202
inattention_energy_prices.tex,498,prosa,,llowance price it reproduces at that budget is as close as possible to,,,315.83,315.83
inattention_energy_prices.tex,498,prosa,,duces at that budget is as close as possible to 315.83; this yields c=,,,920,920.0
inattention_energy_prices.tex,498,prosa,," at that budget is as close as possible to 315.83; this yields c=920 ,",,,000,0.0
inattention_energy_prices.tex,498,prosa,,"3; this yields c=920 , 000 million for the profit oriented planner, c=",,,9,9.0
inattention_energy_prices.tex,498,prosa,,"this yields c=920 , 000 million for the profit oriented planner, c=9 ,",,,900,900.0
inattention_energy_prices.tex,498,prosa,,"ented planner, c=9 , 900 million for the quadratic rate planner and c=",,,4,4.0
inattention_energy_prices.tex,498,prosa,,"The three specifications are then solved over ten carbon budgets, from",,,100,100.0
inattention_energy_prices.tex,498,prosa,,"ee specifications are then solved over ten carbon budgets, from 100 to",,,1,1.0
inattention_energy_prices.tex,498,prosa,,"pecifications are then solved over ten carbon budgets, from 100 to 1 ,",,,000,0.0
inattention_energy_prices.tex,498,prosa,,"ns are then solved over ten carbon budgets, from 100 to 1 , 000 ,MtCO_",,,2,2.0
inattention_energy_prices.tex,507,prosa,,alculate the error of the calculations of the Chilean carbon budget as,,,20.2,20.2
inattention_energy_prices.tex,507,prosa,,carbon budget as 20.2,,,"1,",1.0
inattention_energy_prices.tex,529,prosa,,s that there is an optimal performance between its possible values P [,,,"0.798,1",0.7981
inattention_energy_prices.tex,529,prosa,,"ible values P [0.798,1]. Also, investing the maximum in information P=",,,1,1.0
inattention_energy_prices.tex,553,prosa,, parameter of carbon budget. It becomes clear after a carbon budget of,,,500,500.0
inattention_energy_prices.tex,553,prosa,,r of carbon budget. It becomes clear after a carbon budget of 500MtCO_,,,2,2.0
inattention_energy_prices.tex,553,prosa,,"ar after a carbon budget of 500MtCO_2, with a possible outlier in CAP=",,,800,800.0
inattention_energy_prices.tex,553,prosa,," a carbon budget of 500MtCO_2, with a possible outlier in CAP=800MtCO_",,,2,2.0
inattention_energy_prices.tex,553,prosa,,energy production capacity of Chile. This model is calibrated with the,,,2018,2018.0
inattention_energy_prices.tex,555,prosa,,trated in Fig. rendcap . This results show that at low performances (P,,,0.85,0.85
inattention_energy_prices.tex,555,prosa,,ioneer tends to over-produce permits. But for higher performances (P >,,,0.85,0.85
inattention_energy_prices.tex,635,prosa,,e directions here. Raising the carbon budget relaxes the upper bound (,,,1,1.0
inattention_energy_prices.tex,635,prosa,, to buy more accuracy out of the same revenue --- and the cost c(P-d)^,,,2,2.0
inattention_energy_prices.tex,635,prosa,," entitled to issue, and the allowance price settles at a level between",,,77,77.0
inattention_energy_prices.tex,635,prosa,,"titled to issue, and the allowance price settles at a level between 77",,,88,88.0
inattention_energy_prices.tex,654,prosa,, most permits in both scenarios. There is an anomaly present when CAP=,,,800,800.0
inattention_energy_prices.tex,654,prosa,,rmits in both scenarios. There is an anomaly present when CAP=800MtCO_,,,2,2.0
inattention_energy_prices.tex,654,prosa,,ts in both scenarios. There is an anomaly present when CAP=800MtCO_2 (,,,962,962.0
inattention_energy_prices.tex,671,prosa,,scenarios . Fig. pidcap shows that for the high GDP scenario (scenario,,,4,4.0
inattention_energy_prices.tex,671,prosa,,"prices are higher. On the other hand, there is an anomaly again in the",,,800,800.0
inattention_energy_prices.tex,671,prosa,,"e higher. On the other hand, there is an anomaly again in the 800MtCO_",,,2,2.0
inattention_energy_prices.tex,683,prosa,,results are given by changing only the carbon budget in the interval [,,,100,100.0
inattention_energy_prices.tex,683,prosa,,are given by changing only the carbon budget in the interval [100MtCO_,,,2,2.0
inattention_energy_prices.tex,683,prosa,," given by changing only the carbon budget in the interval [100MtCO_2 ,",,,1000,1000.0
inattention_energy_prices.tex,683,prosa,,"changing only the carbon budget in the interval [100MtCO_2 , 1000MtCO_",,,2,2.0
inattention_energy_prices.tex,705,prosa,,uctioneer seems to find a upper limit. The maximum permits created are,,,"698,676,376",698676376.0
inattention_energy_prices.tex,705,prosa,,"ximum permits created are 698,676,376 even though the carbon budget is",,,"1,000,000,000",1000000000.0
inattention_energy_prices.tex,705,prosa,,t the attention concept inclusion enforces the model to produce around,,,600,600.0
inattention_energy_prices.tex,705,prosa,,roduce around 600 million permits. In the bottom half of the budgets (,,,100,100.0
inattention_energy_prices.tex,705,prosa,, around 600 million permits. In the bottom half of the budgets (100 to,,,400,400.0
inattention_energy_prices.tex,705,prosa,,"s to have a relation with low performances. On the other hand, the top",,,3,3.0
inattention_energy_prices.tex,705,prosa,,"relation with low performances. On the other hand, the top 3 budgets (",,,"800,",800.0
inattention_energy_prices.tex,705,prosa,,"tion with low performances. On the other hand, the top 3 budgets (800,",,,900,900.0
inattention_energy_prices.tex,705,prosa,,"h low performances. On the other hand, the top 3 budgets (800, 900 and",,,1000,1000.0
inattention_energy_prices.tex,705,prosa,,"her hand, the top 3 budgets (800, 900 and 1000 million) produce around",,,600,600.0
inattention_energy_prices.tex,707,prosa,, graph shows that there has to be a limit in the carbon budget between,,,400,400.0
inattention_energy_prices.tex,707,prosa,,hows that there has to be a limit in the carbon budget between 400 and,,,500,500.0
inattention_energy_prices.tex,707,prosa,,e a limit in the carbon budget between 400 and 500 million tons of CO_,,,2,2.0
inattention_energy_prices.tex,707,prosa,,elevated. Also there is a noticeable decrease in performance after the,,,700,700.0
inattention_energy_prices.tex,793,prosa,,ity for the public. Table TCpidporcap shows similar prices for the top,,,6,6.0
inattention_energy_prices.tex,793,prosa,, Table TCpidporcap shows similar prices for the top 6 carbon budgets (,,,400,400.0
inattention_energy_prices.tex,793,prosa,, TCpidporcap shows similar prices for the top 6 carbon budgets (400 to,,,1000,1000.0
inattention_energy_prices.tex,793,prosa,,p shows similar prices for the top 6 carbon budgets (400 to 1000 MtCO_,,,2,2.0
inattention_energy_prices.tex,793,prosa,,"permits emitted ( ) in those budgets, where the Auctioneer sold around",,,600,600.0
inattention_energy_prices.tex,793,prosa,,"itted ( ) in those budgets, where the Auctioneer sold around 600 MtCO_",,,2,2.0
inattention_energy_prices.tex,809,prosa,,"Model. Nevertheless, this model spikes prices for all scenarios in the",,,700,700.0
inattention_energy_prices.tex,900,prosa,,"ducing the emitted permits, in most cases they are less than the limit",,,1.202,1.202
inattention_energy_prices.tex,939,prosa,,"tage (shown in Table PMpidporcap ), present a low variance between CAP",,,300,300.0
inattention_energy_prices.tex,939,prosa,,"own in Table PMpidporcap ), present a low variance between CAP 300 and",,,1000.,1000.0
inattention_energy_prices.tex,939,prosa,,istriMP3 shows that for most of the carbon budgets there are less than,,,100,100.0
inattention_energy_prices.tex,941,prosa,,e is no much variance in the prices. Having a mean close to a price of,,,105,105.0
inattention_energy_prices.tex,1041,prosa,,"esultscomparison For this final part, we make a comparison between the",,,3,3.0
inattention_energy_prices.tex,1043,prosa,,ls presented in this work has to have less permits and lower prices in,,,40,40.0
inattention_energy_prices.tex,1046,prosa,,w that the original model produce higher profits for the auctioneer in,,,70,70.0
inattention_energy_prices.tex,1185,prosa,,ows that the previous analysis is not true for all cases. In the first,,,5,5.0
inattention_energy_prices.tex,1185,prosa,,"riginal model issues fewer permits than the new versions, but, in CAP=",,,600,600.0
inattention_energy_prices.tex,1185,prosa,,ther two models (Precision and Profit Oriented) issue fewer permits in,,,3,3.0
inattention_energy_prices.tex,1185,prosa,,wo models (Precision and Profit Oriented) issue fewer permits in 3 and,,,4,4.0
inattention_energy_prices.tex,1185,prosa,,cision and Profit Oriented) issue fewer permits in 3 and 4 of the last,,,5,5.0
inattention_energy_prices.tex,1187,prosa,," system, since one of the models has fewer permits issued in more than",,,40,40.0
inattention_energy_prices.tex,1187,prosa,,mits issued in more than 40,,,3,3.0
inattention_energy_prices.tex,1189,prosa,,ented and Quadratic Rate models create lower prices for individuals in,,,60,60.0
inattention_energy_prices.tex,1189,prosa,,es for individuals in 60,,,80,80.0
inattention_energy_prices.tex,1264,prosa,,"udgets, allowance prices under the profit oriented planner sit between",,,77,77.0
inattention_energy_prices.tex,1264,prosa,,"ets, allowance prices under the profit oriented planner sit between 77",,,88,88.0
inattention_energy_prices.tex,1266,prosa,,"where P is genuinely endogenous, the solution remains at the corner P=",,,0.798,0.798
inattention_energy_prices.tex,1334,prosa,,MCP Auctioneer Profit Oriented AMCPPO align 0 -P ^a(,,,1,1.0
inattention_energy_prices.tex,1334,prosa,,ofit Oriented AMCPPO align 0 -P ^a(1+ ) +,,,0,0.0
inattention_energy_prices.tex,1335,prosa,,i^a(1+ ) + 0 compllag33 0 ^a P - c(P-d)^,,,2,2.0
inattention_energy_prices.tex,1335,prosa,,0 compllag33 0 ^a P - c(P-d)^2,,,0,0.0
inattention_energy_prices.tex,1336,prosa,,leq ^a P - c(P-d)^2 0 compllag331 0 (,,,1,1.0
inattention_energy_prices.tex,1336,prosa,,p 0 compllag331 0 (1+ error) -,,,0,0.0
inattention_energy_prices.tex,1351,prosa,,0 align footnotesize table* footnotesize align,,,0,0.0
inattention_energy_prices.tex,1351,prosa,,footnotesize table* footnotesize align 0,,,1,1.0
inattention_energy_prices.tex,1351,prosa,,footnotesize align 0 1 - ( - )^,,,2,2.0
inattention_energy_prices.tex,1351,prosa,,esize align 0 1 - ( - )^2 ^,,,2,2.0
inattention_energy_prices.tex,1351,prosa,,align 0 1 - ( - )^2 ^2 - d,,,0,0.0
inattention_energy_prices.tex,1352,prosa,,0 1 - ( - )^2 ^2 - d 0,,,0,0.0
inattention_energy_prices.tex,1352,prosa,,a )^2 ^2 - d 0 0 ( - )^,,,2,2.0
inattention_energy_prices.tex,1352,prosa,,ta ^2 - d 0 0 ( - )^2 ^,,,2,2.0
inattention_energy_prices.tex,1352,prosa,,0 0 ( - )^2 ^2 + d,,,0,0.0
inattention_energy_prices.tex,1353,prosa,,0 ( - )^2 ^2 + d 0,,,0,0.0
inattention_energy_prices.tex,1353,prosa,,eta- )^2 ^2 + d 0 0 ^a - c(,,,1,1.0
inattention_energy_prices.tex,1353,prosa,,^2 + d 0 0 ^a - c(1- ( - )^,,,2,2.0
inattention_energy_prices.tex,1353,prosa,,0 ^a - c(1- ( - )^2 ^,,,2,2.0
inattention_energy_prices.tex,1353,prosa,,0 ^a - c(1- ( - )^2 ^2 -d)^,,,2,2.0
inattention_energy_prices.tex,1353,prosa,,^a - c(1- ( - )^2 ^2 -d)^2,,,0,0.0
inattention_energy_prices.tex,1359,prosa,,MCP Auctioneer Welfare Oriented Precision Model Appendix:mcpWOP align,,,0,0.0
inattention_energy_prices.tex,1359,prosa,,WOP align 0 - ^a - ^a + -,,,0,0.0
inattention_energy_prices.tex,1360,prosa,,egin align 0 - ^a - ^a + - 0,,,0,0.0
inattention_energy_prices.tex,1360,prosa,,0 - ^a - ^a + - 0 0 r,,,2,2.0
inattention_energy_prices.tex,1360,prosa,,theta - ^a - ^a + - 0 0 r 2c (,,,-1,-1.0
inattention_energy_prices.tex,1360,prosa,,0 0 r 2c (-1+d+ r ) +,,,2,2.0
inattention_energy_prices.tex,1360,prosa,,0 r 2c (-1+d+ r ) + 2c (,,,-1,-1.0
inattention_energy_prices.tex,1360,prosa,,ta + 2c (-1+d+ r ) - -,,,0,0.0
inattention_energy_prices.tex,1361,prosa,,+ 2c (-1+d+ r ) - - 0,,,0,0.0
inattention_energy_prices.tex,1361,prosa,,) - - 0 0 ^a - c(,,,1,1.0
inattention_energy_prices.tex,1361,prosa,,- 0 0 ^a - c(1- r -d)^,,,2,2.0
inattention_energy_prices.tex,1361,prosa,,- 0 0 ^a - c(1- r -d)^2,,,0,0.0
inattention_energy_prices.tex,1362,prosa,,elta 0 0 ^a - c(1- r -d)^2 0,,,0,0.0
inattention_energy_prices.tex,1362,prosa,,r -d)^2 0 0 r - +,,,0,0.0
inattention_energy_prices.tex,1363,prosa,,r -d)^2 0 0 r - + 0,,,0,0.0
inattention_energy_prices.tex,1363,prosa,,rp r - + 0 0 r + -,,,0,0.0
inattention_energy_prices.tex,1364,prosa,,- + 0 0 r + - 0,,,0,0.0
inattention_energy_prices.tex,1364,prosa,,0 0 r + - 0 0,,,1,1.0
inattention_energy_prices.tex,1364,prosa,,r + - 0 0 1- r -d,,,0,0.0
inattention_energy_prices.tex,1365,prosa,,p r + - 0 0 1- r -d 0,,,0,0.0
inattention_energy_prices.tex,1365,prosa,,perp 1- r -d 0 0 r + d,,,0,0.0
inattention_energy_prices.tex,1380,prosa,,nario is a projection of aggregate electricity demand in Chile between,,,2015,2015.0
inattention_energy_prices.tex,1380,prosa,,a projection of aggregate electricity demand in Chile between 2015 and,,,2050.,2050.0
inattention_energy_prices.tex,1380,prosa,,"in transport and heating, which is why it separates from Mid GDP after",,,2030,2030.0
inattention_energy_prices.tex,1380,prosa,,parates from Mid GDP after 2030 and approaches the high growth path by,,,2050.,2050.0
inattention_energy_prices.tex,1385,prosa,,ution details,,,1,1.0
inattention_energy_prices.tex,1386,prosa,,bibliography style file cas-model,,,2,2.0
inattention_energy_prices.tex,1396,prosa,,hy references,,,1,1.0
